Part number,Description,UOM,QTY,Unit Price,Picture,,,,,,,,,,,,,
M12 PCG-ASSY02,M12 Caulk Gun 400ml Aluminum Sausage Barrel Conversion Kit,EACH,1," 204,076.44 ",Picture,,,,,,,,,,,,,
48906062,STARLOCK? Rigid Scraper Blade,EACH,1," 109,096.26 ",Picture,,,,,,,,,,,,,
49162712,Trimmer Line 2MM * 45M,EACH,1," 92,481.77 ",Picture,,,,,,,,,,,,,
49162713,Trimmer Line 2.4MM * 76M,EACH,1," 87,857.68 ",Picture,,,,,,,,,,,,,
313935001,Chain saw oil,EACH,1," 38,534.07 ",#N/A,,,,,,,,,,,,,
4932352320,OSD2 - Offset Screwdriver/Drill Angle Attachment,EACH,1," 270,270.00 ",Picture,,,,,,,,,,,,,
4932352406,SHOCKWAVE? IMPACT DUTY magnetic bit holder 60 mm,EACH,1," 18,768.75 ",Picture,,,,,,,,,,,,,
4932399542,4932399542 MILWAUKEE 230 X 22.2MM DIAMOND BLADE DUH230,EACH,1," 308,272.57 ",Picture,,,,,,,,,,,,,
4932430853,MILWAUKEE SHOCKWAVE 25 X PH2 25MM SCREWDRIVER BITS,EACH,1," 48,167.59 ",Picture,,,,,,,,,,,,,
4932430855,Shockwave Screwdriving Bit PH2 x 50 mm (10pcs),EACH,1," 24,661.81 ",Picture,,,,,,,,,,,,,
4932430856,SHOCKWAVE Impact Duty 90MM Phillips #2 Power Bit,EACH,1," 4,624.09 ",Picture,,,,,,,,,,,,,
4932430904,4932430904 Milwaukee Shockwave Impact Duty Driver Bits Set 15pcs with PUCK,EACH,1," 50,094.29 ",Picture,,,,,,,,,,,,,
4932451464,SDS Plus MX4 Drill Bits - 7pk,EACH,1," 331,007.67 ",Picture,,,,,,,,,,,,,
4932451490,4932451490 MILWAUKEE 230X1.9X22.2MM METAL CUTTING WHEEL SCS41/230 (ELC/ASIA),EACH,1," 21,579.08 ",Picture,,,,,,,,,,,,,
4932459398,4932459398 Milwaukee Shockwave Impact Duty Locking Bit Holder with Length 73mm ,EACH,1," 26,973.85 ",Picture,,,,,,,,,,,,,
4932459774,28mm Hex Point Chisel 400mm,EACH,1," 327,539.60 ",Picture,,,,,,,,,,,,,
4932459775,28mm Hex Flat Chisel 400mm,EACH,1," 327,539.60 ",Picture,,,,,,,,,,,,,
4932459781,Shockwave Impact Duty Knuckle Offset Attachment 11 Piece,EACH,1," 90,090.00 ",Picture,,,,,,,,,,,,,
4932464240,SHW 32PC CASSETTE,EACH,1," 73,214.73 ",Picture,,,,,,,,,,,,,
4932464498,"ACCESSORY, NEW CU/AL REPLACEMENT BLADES KIT\MILWAUKEE EMEA 4932464498",EACH,1," 375,375.00 ",Picture,,,,,,,,,,,,,
4932464715,76MM x 10MM DHTI76 Diamond Cutting Blade,EACH,1," 71,288.03 ",Picture,,,,,,,,,,,,,
4932464716,76MM x 1.0MM x 10MM Carbide Cutting Blade,EACH,1," 42,387.48 ",Picture,,,,,,,,,,,,,
4932464717,4932464717ÿMILWAUKEE 76mm METAL CUTTING WHEEL 5PK (ELC/ASIA),EACH,1," 42,387.48 ",Picture,,,,,,,,,,,,,
4932471329,"10"" Pole saw saw chain",EACH,1," 95,949.84 ",Picture,,,,,,,,,,,,,
4932471565,4932471565 Milwaukee Shockwave Impact Duty Driver 150MM PH2 Power Bit ,EACH,1," 8,477.50 ",Picture,,,,,,,,,,,,,
4932471824,4932471824 Milwaukee Shockwave Impact Duty Locking Bit Holder with Length 152mm ,EACH,1," 38,534.07 ",Picture,,,,,,,,,,,,,
4932471828,4932471828 MILWAUKEE SHOCKWAVE Impact Duty «? Socket Adaptors «? Square Drive To ¬? Hex Drive,EACH,1," 42,387.48 ",Picture,,,,,,,,,,,,,
4932471986,350mm DUH Diamond Cutting Disc,EACH,1," 534,852.90 ",Picture,,,,,,,,,,,,,
4932471989,4932471989 MILWAUKEE 350 X 4 X 25.4MM METAL CUTTING WHEEL,EACH,1," 99,417.90 ",Picture,,,,,,,,,,,,,
4932472187,WCHP-TK 66mm,EACH,1," 693,613.27 ",Picture,,,,,,,,,,,,,
4932472189,WCHP-TK 76mm,EACH,1," 1,213,823.23 ",Picture,,,,,,,,,,,,,
4932478626,4932478626 MILWAUKEE SDS+ MX4 GEN2 7PC SET (5/6/6/8/8/10/12MM),EACH,1," 331,007.67 ",Picture,,,,,,,,,,,,,
4932480177,12? Chainsaw Chain,EACH,1," 104,041.99 ",Picture,,,,,,,,,,,,,
4932480180,Gen 2 Easy Loading Head of Line Trimmer ,EACH,1," 80,921.55 ",Picture,,,,,,,,,,,,,
4932480353,"4932480353 Milwaukee Shockwave Impact Duty «"" Extension ? 250MM",EACH,1," 46,240.88 ",Picture,,,,,,,,,,,,,
4932480357,4932480357 Milwaukee Shockwave Impact Duty «? Socket Universal Joints,EACH,1," 53,947.70 ",Picture,,,,,,,,,,,,,
4932480429,"4932480429 MILWAUKEE 1"" DR 36MM DEEP IMPACT SOCKET - EMEA VERSION",EACH,1," 115,602.21 ",Picture,,,,,,,,,,,,,
4932480432,"4932480432 MILWAUKEE 1"" DR 41MM DEEP IMPACT SOCKET - EMEA VERSION",EACH,1," 163,384.46 ",Picture,,,,,,,,,,,,,
4932480456,"4932480456 MILWAUKEE SHOCKWAVE 1/2"" IMPACT SOCKET 13PC STD set",EACH,1," 246,618.05 ",Picture,,,,,,,,,,,,,
4932492006,4932492006 Milwaukee Shockwave Impact Duty Drill And Driver Bits Set 56pcs with Case ,EACH,1," 119,455.62 ",Picture,,,,,,,,,,,,,
4932492008,SHOCKWAVE? IMPACT DUTY bit set (75 pcs)ÿ,EACH,1," 215,790.80 ",Picture,,,,,,,,,,,,,
4932492445,NUT DRIVER HEX SET-4PC,EACH,1," 57,801.11 ",Picture,,,,,,,,,,,,,
4932492594,"MILWAUKEE FRAMING NAILS 20 ROUND HEAD,90MM RS G 2000PK",EACH,1," 520,209.96 ",Picture,,,,,,,,,,,,,
4932492939,4932492939 Milwaukee Shockwave Impact Duty Driver 50MM Power Bits Set 10pcs with Carabiner,EACH,1," 21,579.08 ",Picture,,,,,,,,,,,,,
4932493371,4932493371A MILWAUKEE SHOCKWAVE Impact Duty 1/2 DRÿ17MMÿLugÿNutÿWheel Socket (BLUE),EACH,1," 40,075.43 ",Picture,,,,,,,,,,,,,
4932493372,4932493372A MILWAUKEE SHOCKWAVE Impact Duty 1/2 DRÿ19MMÿLugÿNutÿWheel Socket (YELLOW),EACH,1," 40,075.43 ",Picture,,,,,,,,,,,,,
4932493373,4932493373A MILWAUKEE SHOCKWAVE Impact Duty 1/2 DRÿ21MMÿLugÿNutÿWheel Socket (RED),EACH,1," 40,075.43 ",Picture,,,,,,,,,,,,,
48-00-1301,"48-00-1301 MILWAUKEE 9"" PRUNING BLADE 5TPI 5PK",EACH,1," 91,187.03 ",Picture,,,,,,,,,,,,,
48-00-1303,"48-00-1303 MILWAUKEE 12"" PRUNING BLADE 5TPI 5PK",EACH,1," 160,918.28 ",Picture,,,,,,,,,,,,,
48-00-1640,48-00-1640 MILWAUKEE DRYWALL ACCESS SAWALL? BLADE 1PK,EACH,1," 27,490.21 ",Picture,,,,,,,,,,,,,
48-00-5021,48-00-5021 MILWAUKEE 6'' AX WITH BI-METAL SAWZALL BLADE FOR NAIL WOOD 5TPI 5PK,EACH,1," 56,321.40 ",Picture,,,,,,,,,,,,,
48-00-5026,48-00-5026 MILWAUKEE 9'' AX WITH BI-METAL SAWZALL BLADE FOR NAIL WOOD 5TPI 5PK,EACH,1," 73,754.21 ",Picture,,,,,,,,,,,,,
48-00-5027,48-00-5027 MILWAUKEE 12'' AX WITH BI-METAL SAWZALL BLADE FOR NAIL WOOD 5TPI 5PK,EACH,1," 93,198.50 ",Picture,,,,,,,,,,,,,
48-00-5182,"48-00-5182 MILWAUKEE THIN KERF SAWZALL BLADE 14TPI 6"" 5PK",EACH,1," 44,923.02 ",Picture,,,,,,,,,,,,,
48-00-5184,"48-00-5184 MILWAUKEE THIN KERF SAWZALL BLADE 18TPI 6"" 5PK",EACH,1," 43,582.03 ",Picture,,,,,,,,,,,,,
48-00-5185,48-00-5185 MILWAUKEE 4'' THIN KERF SAWZALL BLADE FOR MEDIUM METAL 24TPI 5PK,EACH,1," 64,063.81 ",Picture,,,,,,,,,,,,,
48-00-5186,48-00-5186 MILWAUKEE 6'' THIN KERF SAWZALL BLADE FOR MEDIUM METAL 24TPI 5PK,EACH,1," 44,252.53 ",Picture,,,,,,,,,,,,,
48-00-5187,"48-00-5187 MILWAUKEE THIN KERF SAWZALL BLADE 14TPI 9"" 5PK",EACH,1," 65,037.80 ",Picture,,,,,,,,,,,,,
48-00-5188,"48-00-5188 MILWAUKEE THIN KERF SAWZALL BLADE 18TPI 9"" 5PK",EACH,1," 87,164.07 ",Picture,,,,,,,,,,,,,
48-00-5189,"48-00-5189 MILWAUKEE THIN KERF SAWZALL BLADE 18TPI 12"" 5PK",EACH,1," 120,688.71 ",Picture,,,,,,,,,,,,,
48-00-5193,"48-00-5193 MILWAUKEE MULTI MATERIAL SAWZALL BLADE 10/14TPI 8"" 5PK",EACH,1," 93,869.00 ",Picture,,,,,,,,,,,,,
48-00-5194,"48-00-5193 MILWAUKEE MULTI MATERIAL SAWZALL BLADE 12/14TPI 8"" 5PK",EACH,1," 110,631.32 ",Picture,,,,,,,,,,,,,
48-00-5202,"48-00-5202 MILWAUKEE 9"" TORCH WITH CARBIDE SAWZALL BLADE FOR THICK METAL 8 TPI 1PK",EACH,1," 84,653.02 ",Picture,,,,,,,,,,,,,
48-00-5221,"48-00-5221 MILWAUKEE 6"" AX WITH CARBIDE TEETH SAWALL BLADE FOR NAIL WOOD 5TPI 1PK ASIA",EACH,1," 55,108.65 ",Picture,,,,,,,,,,,,,
48-00-5226,"48-00-5226 MILWAUKEE 9"" AX WITH CARBIDE TEETH SAWALL BLADE FOR NAIL WOOD 5TPI 1PK ASIA",EACH,1," 74,090.52 ",Picture,,,,,,,,,,,,,
48-00-5261,"48-00-5261 MILWAUKEE 6"" TORCH W/ NITRUS CARBIDE SAWZALL BLADE 8 TPI 1PK",EACH,1," 90,516.53 ",Picture,,,,,,,,,,,,,
48-00-5262,"48-00-5262 MILWAUKEE 9"" TORCH WITH NITRUS CARBIDE SAWZALL BLADE FOR THICK METAL 8 TPI 1PK",EACH,1," 120,688.71 ",Picture,,,,,,,,,,,,,
48-00-5263,"48-00-5263 MILWAUKEE 12"" TORCH W/ NITRUS CARBIDE SAWZALL BLADE 8 TPI 1PK",EACH,1," 187,737.99 ",Picture,,,,,,,,,,,,,
48-00-5271,48-00-5271 MILWAUKEE 6? WRECKER W/ NITRUS CARBIDE SAWZALL BLADE 6TPI 1PK,EACH,1," 103,926.39 ",Picture,,,,,,,,,,,,,
48-00-5272,48-00-5272 MILWAUKEE 9? WRECKER W/ NITRUS CARBIDE SAWZALL BLADE 6TPI 1PK,EACH,1," 137,451.03 ",Picture,,,,,,,,,,,,,
48-00-5273,48-00-5273 MILWAUKEE 12? WRECKER W/ NITRUS CARBIDE SAWZALL BLADE 6TPI 1PK,EACH,1," 194,442.92 ",Picture,,,,,,,,,,,,,
48-00-5502,"48-00-5502 MILWAUKEE 9"" TORCH WITH CARBIDE SAWZALL BLADE FOR THICK METAL 8 TPI 5PK",EACH,1," 407,191.72 ",Picture,,,,,,,,,,,,,
48-00-5701,"48-00-5701 MILWAUKEE WRECKER SAWZALL BLADE 7/11TPI 6"" 5PK",EACH,1," 102,585.40 ",Picture,,,,,,,,,,,,,
48-00-5706,"48-00-5706 MILWAUKEE WRECKER SAWZALL BLADE 7/11TPI 9"" 5PK",EACH,1," 136,110.04 ",Picture,,,,,,,,,,,,,
48-00-5711,"48-00-5711 MILWAUKEE WRECKER SAWZALL BLADE 7/11TPI 12"" 5PK",EACH,1," 167,623.21 ",Picture,,,,,,,,,,,,,
48-00-5712,"48-00-5712 MILWAUKEE TORCH SAWALL BLADE 10TPI 6"" 5PK",EACH,1," 71,072.24 ",Picture,,,,,,,,,,,,,
48-00-5713,"48-00-5713 MILWAUKEE TORCH SAWALL BLADE 10TPI 9"" 5PK",EACH,1," 98,562.45 ",Picture,,,,,,,,,,,,,
48-00-5714,"48-00-5714 MILWAUKEE TORCH SAWALL BLADE 10TPI 12"" 5PK",EACH,1," 147,508.42 ",Picture,,,,,,,,,,,,,
48-00-5782,48-00-5782 MILWAUKEE 6'' TORCH WITH BI-METAL SAWALL BLADE FOR MEDIUM METAL 14TPI 5PK,EACH,1," 46,934.50 ",Picture,,,,,,,,,,,,,
48-00-5784,48-00-5784 MILWAUKEE 6'' TORCH WITH BI-METAL SAWALL BLADE FOR MEDIUM METAL 18TPI 5PK,EACH,1," 46,264.01 ",Picture,,,,,,,,,,,,,
48-00-5787,48-00-5787 MILWAUKEE 9'' TORCH WITH BI-METAL SAWALL BLADE FOR MEDIUM METAL 14TPI 5PK,EACH,1," 68,390.27 ",Picture,,,,,,,,,,,,,
48-00-5788,48-00-5788 MILWAUKEE 9'' TORCH WITH BI-METAL SAWALL BLADE FOR MEDIUM METAL 18TPI 5PK,EACH,1," 91,857.52 ",Picture,,,,,,,,,,,,,
48-00-5789,48-00-5789 MILWAUKEE 12'' TORCH WITH BI-METAL SAWALL BLADE FOR MEDIUM METAL 18TPI 5PK,EACH,1," 117,336.25 ",Picture,,,,,,,,,,,,,
48-00-5794,"48-00-5794 MILWAUKEE TORCH SAWALL BLADE 14TPI 12"" 5PK",EACH,1," 97,221.46 ",Picture,,,,,,,,,,,,,
48-00-6251,"48-00-6251 MILWAUKEE 6"" TORCH W/ NITRUS CARBIDE SAWZALL BLADE FOR MEDIUM METAL 10 TPI 1PK",EACH,1," 107,278.85 ",Picture,,,,,,,,,,,,,
48-00-6252,"48-00-6252 MILWAUKEE 9"" TORCH W/ NITRUS CARBIDE SAWZALL BLADE FOR MEDIUM METAL 10 TPI 1PK",EACH,1," 140,803.49 ",Picture,,,,,,,,,,,,,
48-00-6253,"48-00-6253 MILWAUKEE 12"" TORCH W/ NITRUS CARBIDE SAWZALL BLADE FOR MEDIUM METAL 10 TPI 1PK",EACH,1," 201,147.85 ",Picture,,,,,,,,,,,,,
48-01-6037,"48-01-6037 MILWAUKEE NAIL WOOD SAWZALL BLADE 5TPI 12"" 50PK",EACH,1," 778,223.20 ",Picture,,,,,,,,,,,,,
48-01-6182,"48-01-6182 MILWAUKEE THIN KERF SAWZALL BLADE 14TPI 6"" 50PK",EACH,1," 382,602.27 ",Picture,,,,,,,,,,,,,
48-01-6184,"48-01-6184 MILWAUKEE THIN KERF SAWZALL BLADE 18TPI 6"" 50PK",EACH,1," 379,163.70 ",Picture,,,,,,,,,,,,,
48-01-6187,"48-01-6187 MILWAUKEE THIN KERF SAWZALL BLADE 14TPI 9"" 50PK",EACH,1," 559,872.81 ",Picture,,,,,,,,,,,,,
48-01-6188,"48-01-6188 MILWAUKEE THIN KERF SAWZALL BLADE 18TPI 9"" 50PK",EACH,1," 758,327.39 ",Picture,,,,,,,,,,,,,
48-08-0900,M12 10 OZ CONVERSION KIT,EACH,1," 90,015.59 ",Picture,,,,,,,,,,,,,
48-08-0905,20 oz Aluminum Barrel Sausage Conversion Kit,EACH,1," 294,400.30 ",Picture,,,,,,,,,,,,,
48-22-8690,Milwaukee Chain Vise,EACH,1," 1,905,124.46 ",Picture,,,,,,,,,,,,,
48-32-2390,48-32-2390 MILWAUKEE SHOCKWAVE RIGHT ANGLE ADAPTOR,EACH,1," 105,198.01 ",Picture,,,,,,,,,,,,,
48-32-4013,SHOCKWAVE Impact Duty? 50PC Drill & Drive Setÿ,EACH,1," 223,497.61 ",Picture,,,,,,,,,,,,,
48-32-4082,SHOCKWAVE Impact Duty? Driver Bit PACKOUT? Set - 100PC,EACH,1," 365,940.80 ",Picture,,,,,,,,,,,,,
48-32-4360D,48-32-4360D Milwaukee Shockwave 65MM Double Ended Power Bit PH1/PH1 - 10PK,EACH,1," 42,387.48 ",Picture,,,,,,,,,,,,,
48-32-4361PS,48-32-4361PS MILWAUKEE SHOCKWAVE? 65MM DOUBLE ENDED POWER BIT PH2/PH2 - 8PK with Small Compact Packout Case - ASIA,EACH,1," 50,227.17 ",Picture,,,,,,,,,,,,,
48-32-4362D,48-32-4362D Milwaukee Shockwave 65MM Double Ended Power Bit PH3/PH3 - 10PK,EACH,1," 42,387.48 ",Picture,,,,,,,,,,,,,
48-32-4364D,48-32-4364D Milwaukee Shockwave 110MM Double Ended Power Bit PH2/PH2 - 10PK,EACH,1," 53,947.70 ",Picture,,,,,,,,,,,,,
48-32-4511,"48-32-4511 MILWAUKEE SHOCKWAVE? 6"" IMPACT MAGNETIC BIT HOLDER - 1PK ASIA",EACH,1," 37,537.50 ",Picture,,,,,,,,,,,,,
48-32-4512,"48-32-4512 MILWAUKEE SHOCKWAVE? 12"" IMPACT MAGNETIC BIT HOLDER - 1PK ASIA",EACH,1," 52,552.50 ",Picture,,,,,,,,,,,,,
48-32-4550,"48-32-4550 MILWAUKEE SHOCKWAVE? 2"" POWER BIT PHILLIPS #2 (2) & Magnetic Attachment (1) - 3PC",EACH,1," 21,964.42 ",Picture,,,,,,,,,,,,,
48-32-5004,"48-32-5004 MILWAUKEE SHOCKWAVE? 2"" POWER BIT PHILLIPS #2 - 15PK CONTRACTOR PACK ASIA",EACH,1," 36,761.50 ",Picture,,,,,,,,,,,,,
48-32-5033,48-32-5033 MILWAUKEE SHOCKWAVE IMPACT HEX SHANK SOCKET ADAPTOR 3PC SET,EACH,1," 27,744.53 ",Picture,,,,,,,,,,,,,
48-32-5148,48-32-5148 MILWAUKEE SHOCKWAVE IMPACT DRILL AND DRIVE BIT SET 46PC - ASIA,EACH,1," 258,178.27 ",Picture,,,,,,,,,,,,,
48-39-0511,"48-39-0511 MILWAUKEE BANDSAW BLADE 14 TPI 44-7/8"" 3PK",EACH,1," 135,135.00 ",Picture,,,,,,,,,,,,,
48-39-0521,"48-39-0521 MILWAUKEE BANDSAW BLADE 18 TPI 44-7/8"" 3PK",EACH,1," 135,135.00 ",Picture,,,,,,,,,,,,,
48-39-0531,"48-39-0531 MILWAUKEE BANDSAW BLADE 24 TPI 44-7/8"" 3PK",EACH,1," 142,642.50 ",Picture,,,,,,,,,,,,,
48-39-0551,"48-39-0551 MILWAUKEE BANDSAW BLADE 10/14 TPI 44-7/8"" 3PK",EACH,1," 142,642.50 ",Picture,,,,,,,,,,,,,
48-39-0630,"48-39-0630 MILWAUKEE EXTREME THICK METAL BANDSAW BLADES 8/10TPI 30-9/16"" 3PK",EACH,1," 127,162.43 ",Picture,,,,,,,,,,,,,
48-39-0631,"48-39-0631 MILWAUKEE EXTREME THIN METAL BANDSAW BLADES 12/14TPI 30-9/16"" 3PK",EACH,1," 119,455.62 ",Picture,,,,,,,,,,,,,
48-40-4070,"48-40-4070 MILWAUKEE 5-3/8"" 30T FERROUS METAL CIRC SAW BLADE",EACH,1," 337,837.50 ",Picture,,,,,,,,,,,,,
48-40-4075,"48-40-4075 MILWAUKEE 5-3/8"" 50T NON-FERROUS METAL CIRC SAW BLADE",EACH,1," 412,912.50 ",Picture,,,,,,,,,,,,,
48-40-4215,"48-40-4215 MILWAUKEE 5-7/8"" 34T FERROUS METAL CIRC SAW BLADE",EACH,1," 375,375.00 ",Picture,,,,,,,,,,,,,
48-40-4515,"48-40-4515 MILWAUKEE 8"" 42T FERROUS METAL CIRC SAW BLADE",EACH,1," 385,340.71 ",Picture,,,,,,,,,,,,,
48-40-4520,"48-40-4520 MILWAUKEE 8"" 50T FERROUS METAL CIRC SAW BLADE",EACH,1," 446,995.22 ",Picture,,,,,,,,,,,,,
48-44-0412,477 MCM ACSR Replacement Blades,EACH,1," 450,450.00 ",Picture,,,,,,,,,,,,,
48-89-2530,48-89-2530 MILWAUKEE RED HELIX COBALT DRILL BITS 19PC (METRIC),EACH,1," 250,471.46 ",Picture,,,,,,,,,,,,,
48-89-2531,48-89-2531 MILWAUKEE RED HELIX COBALT DRILL BITS 25PC (METRIC),EACH,1," 693,613.27 ",Picture,,,,,,,,,,,,,
48-89-4670,SHOCKWAVE Impact Duty RED HELIX Titanium Drill Bit Set 15PC,EACH,1," 115,602.21 ",Picture,,,,,,,,,,,,,
48-89-4860,48-89-4860 MILWAUKEE SHOCKWAVE RED HELIX TITANIUM DRILL BITS 19PC (METRIC),EACH,1," 184,963.54 ",Picture,,,,,,,,,,,,,
48-89-9265,48-89-9265 MILWAUKEE SHOCKWAVE STEP BIT #4 4-30MM,EACH,1," 500,942.92 ",Picture,,,,,,,,,,,,,
49-00-5310,"49-00-5310 MILWAUKEE WOOD HACKZALL BLADE 10TPI 3-1/2"" 5PK",EACH,1," 52,968.93 ",Picture,,,,,,,,,,,,,
49-00-5414,"49-00-5414 MILWAUKEE PVC HACKZALL BLADE 14TPI 4"" 5PK",EACH,1," 65,708.30 ",Picture,,,,,,,,,,,,,
49-00-5460,"49-00-5460 MILWAUKEE WOOD HACKZALL BLADE 6TPI 4"" 5PK",EACH,1," 56,321.40 ",Picture,,,,,,,,,,,,,
49-00-5461,"49-00-5461 MILWAUKEE PLASTER HACKZALL BLADE 6TPI 4"" 5PK",EACH,1," 72,413.23 ",Picture,,,,,,,,,,,,,
49-10-9112,49-10-9112 MILWAUKEE OPEN-LOK 6PC MULTI-TOOL BLADE KIT,EACH,1," 242,764.65 ",Picture,,,,,,,,,,,,,
49-16-2554J,ÿM12 FUEL Stubby Protective Boot,EACH,1," 110,207.44 ",Picture,,,,,,,,,,,,,
49-16-2562,M12 FUEL Right Angle Impact Wrench Protective Boot,EACH,1," 88,628.36 ",Picture,,,,,,,,,,,,,
49-16-2715,"16"" Chainsaw saw chain",EACH,1," 102,115.29 ",Picture,,,,,,,,,,,,,
49-16-2732 ,6? Saw Chain,EACH,1," 92,481.77 ",Picture,,,,,,,,,,,,,
49-16-2744,14? Top Handle Chainsaw Chain,EACH,1," 113,675.51 ",Picture,,,,,,,,,,,,,
49-16-2750,"8"" Pruning Saw Chain",EACH,1," 94,408.47 ",Picture,,,,,,,,,,,,,
49-16-2757,Brush Cutter Attachment Blade,EACH,1," 146,429.47 ",Picture,,,,,,,,,,,,,
49-16-2773,"ACCESSORY, 477 ACSR CUTTING JAW ASS'Y\MILWAUKEE EMEA",EACH,1," 1,876,875.00 ",Picture,,,,,,,,,,,,,
49-16-3050,M12 Fuel Pass Through Ratchet -  Protective Boot,EACH,1," 24,661.81 ",Picture,,,,,,,,,,,,,
49-22-1110,49-22-1110 MILWAUKEE 10PC GENERAL PURPOSE SAWZALL BLADE SET,EACH,1," 110,631.32 ",Picture,,,,,,,,,,,,,
49-25-1101,49-25-1101 MILWAUKEE OPEN-LOK 35MM HCS WOOD BLADE 1PK,EACH,1," 33,139.30 ",Picture,,,,,,,,,,,,,
49-25-1103,49-25-1103 MILWAUKEE OPEN-LOK 35MM HCS WOOD BLADE 3PK,EACH,1," 64,737.24 ",Picture,,,,,,,,,,,,,
49-25-1113,49-25-1113 MILWAUKEE OPEN-LOK 64MM HCS WOOD BLADE 1PK,EACH,1," 73,214.73 ",Picture,,,,,,,,,,,,,
49-25-1233,49-25-1233 MILWAUKEE OPEN-LOK 35MM TITANIUM CHARGED BI-METAL MULTI-MATERIAL BLADE 3PK,EACH,1," 110,207.44 ",Picture,,,,,,,,,,,,,
49-25-1243,49-25-1243 MILWAUKEE OPEN-LOK 64MM TITANIUM CHARGED BI-METAL MULTI-MATERIAL BLADE 3PK,EACH,1," 127,933.12 ",Picture,,,,,,,,,,,,,
49-25-1253,49-25-1253 MILWAUKEE OPEN-LOK 29MM TITANIUM CHARGED BI-METAL METAL BLADE 3PK,EACH,1," 111,748.81 ",Picture,,,,,,,,,,,,,
49-25-1261,49-25-1261 MILWAUKEE OPEN-LOK 44MM TITANIUM ENHANCED BI-METAL METAL BLADE 1PK,EACH,1," 50,094.29 ",Picture,,,,,,,,,,,,,
49-25-1263,49-25-1263 MILWAUKEE OPEN-LOK 44MM TITANIUM CHARGED BI-METAL METAL BLADE 3PK,EACH,1," 119,455.62 ",Picture,,,,,,,,,,,,,
49-25-1563,49-25-1563 MILWAUKEE OPEN-LOK 35MM NITRUS CARBIDE EXTREME METAL MULTI TOOL BLADE 3PK,EACH,1," 277,445.31 ",Picture,,,,,,,,,,,,,
49-25-2221,49-25-2221 MILWAUKEE OPEN-LOK 3-IN-1 MULTI-CUTTER SCRAPER BLADE 1PK,EACH,1," 47,011.57 ",Picture,,,,,,,,,,,,,
49-25-2241,49-25-2241 MILWAUKEE OPEN-LOK TAPERED SEALANT CUTTING BLADE 5PK,EACH,1," 134,869.25 ",Picture,,,,,,,,,,,,,
49-25-2281,49-25-2281 MILWAUKEE OPEN-LOK 5-IN-1 DRYWALL BLADE 1PK,EACH,1," 80,921.55 ",Picture,,,,,,,,,,,,,
4932492004N,SHOCKWAVE Impact Duty Bit Set x40 Pcs,EACH,1," 154,136.28 ",Picture,,,,,,,,,,,,,
49-57-9001,49-57-9001 MILWAUKEE M2 STEEL SCREW EXTRACTOR SET - 4PC (US),EACH,1," 98,261.88 ",Picture,,,,,,,,,,,,,
49-66-4568,49-66-4568 SHOCKWAVE Impact Duty QUIK-CLEAR 2-in-1 Magnetic Nut Driver Set ? 2PC,EACH,1," 63,581.22 ",Picture,,,,,,,,,,,,,
49-66-6242,49-66-6242 MILWAUKEE SHOCKWAVE 1/2 DR 10MM STD IMPACT SOCKET,EACH,1," 14,797.08 ",Picture,,,,,,,,,,,,,
49-66-6244,49-66-6244 MILWAUKEE SHOCKWAVE 1/2 DR 12MM STD IMPACT SOCKET,EACH,1," 14,797.08 ",Picture,,,,,,,,,,,,,
49-66-6246,49-66-6246 MILWAUKEE SHOCKWAVE 1/2 DR 14MM STD IMPACT SOCKET,EACH,1," 15,413.63 ",Picture,,,,,,,,,,,,,
49-66-6248,49-66-6248 MILWAUKEE SHOCKWAVE 1/2 DR 16MM STD IMPACT SOCKET,EACH,1," 15,413.63 ",Picture,,,,,,,,,,,,,
49-66-6250,49-66-6250 MILWAUKEE SHOCKWAVE 1/2 DR 18MM STD IMPACT SOCKET,EACH,1," 16,030.17 ",Picture,,,,,,,,,,,,,
49-66-6253,49-66-6253 MILWAUKEE SHOCKWAVE 1/2 DR 21MM STD IMPACT SOCKET,EACH,1," 17,879.81 ",Picture,,,,,,,,,,,,,
49-66-6254,49-66-6254 MILWAUKEE SHOCKWAVE 1/2 DR 22MM STD IMPACT SOCKET,EACH,1," 19,112.90 ",Picture,,,,,,,,,,,,,
49-66-6258,49-66-6258 MILWAUKEE SHOCKWAVE 1/2 DR 26MM STD IMPACT SOCKET,EACH,1," 22,195.62 ",Picture,,,,,,,,,,,,,
49-66-6259,49-66-6259 MILWAUKEE SHOCKWAVE 1/2 DR 27MM STD IMPACT SOCKET,EACH,1," 24,045.26 ",Picture,,,,,,,,,,,,,
49-66-6271,49-66-6271 MILWAUKEE SHOCKWAVE 1/2 DR 10MM DEEP IMPACT SOCKET,EACH,1," 22,195.62 ",Picture,,,,,,,,,,,,,
49-66-6273,49-66-6273 MILWAUKEE SHOCKWAVE 1/2 DR 12MM DEEP IMPACT SOCKET,EACH,1," 22,195.62 ",Picture,,,,,,,,,,,,,
49-66-6275,49-66-6275 MILWAUKEE SHOCKWAVE 1/2 DR 14MM DEEP IMPACT SOCKET,EACH,1," 22,195.62 ",Picture,,,,,,,,,,,,,
49-66-6277,49-66-6277 MILWAUKEE SHOCKWAVE 1/2 DR 16MM DEEP IMPACT SOCKET,EACH,1," 22,195.62 ",Picture,,,,,,,,,,,,,
49-66-6279,49-66-6279 MILWAUKEE SHOCKWAVE 1/2 DR 18MM DEEP IMPACT SOCKET,EACH,1," 23,428.72 ",Picture,,,,,,,,,,,,,
49-66-6282,49-66-6282 MILWAUKEE SHOCKWAVE 1/2 DR 21MM DEEP IMPACT SOCKET,EACH,1," 23,428.72 ",Picture,,,,,,,,,,,,,
49-66-6283,49-66-6283 MILWAUKEE SHOCKWAVE 1/2 DR 22MM DEEP IMPACT SOCKET,EACH,1," 26,511.44 ",Picture,,,,,,,,,,,,,
49-66-6287,49-66-6287 MILWAUKEE SHOCKWAVE 1/2 DR 26MM DEEP IMPACT SOCKET,EACH,1," 30,827.26 ",Picture,,,,,,,,,,,,,
49-66-6292,49-66-6292 MILWAUKEE SHOCKWAVE 1/2 DR 31MM DEEP IMPACT SOCKET,EACH,1," 38,225.80 ",Picture,,,,,,,,,,,,,
49-66-6297,49-66-6297 MILWAUKEE SHOCKWAVE 1/2 DR 36MM DEEP IMPACT SOCKET,EACH,1," 46,240.88 ",Picture,,,,,,,,,,,,,
49-66-6365,49-66-6365 MILWAUKEE SHOCKWAVE 3/4 DR 27MM STD IMPACT SOCKET,EACH,1," 41,925.07 ",Picture,,,,,,,,,,,,,
49-66-6368,49-66-6368 MILWAUKEE SHOCKWAVE 3/4 DR 30MM STD IMPACT SOCKET,EACH,1," 41,925.07 ",Picture,,,,,,,,,,,,,
49-66-6370,49-66-6370 MILWAUKEE SHOCKWAVE 3/4 DR 32MM STD IMPACT SOCKET,EACH,1," 43,158.16 ",Picture,,,,,,,,,,,,,
49-66-6374,49-66-6374 MILWAUKEE SHOCKWAVE 3/4 DR 36MM STD IMPACT SOCKET,EACH,1," 47,473.98 ",Picture,,,,,,,,,,,,,
49-66-6376,49-66-6376 MILWAUKEE SHOCKWAVE 3/4 DR 38MM STD IMPACT SOCKET,EACH,1," 45,007.79 ",Picture,,,,,,,,,,,,,
49-66-6411,49-66-6411 MILWAUKEE SHOCKWAVE 3/4 DR 36MM DEEP IMPACT SOCKET,EACH,1," 61,654.51 ",Picture,,,,,,,,,,,,,
49-66-6601,"49-66-6601 MILWAUKEE SHOCKWAVE 1"" DR 36MM STD IMPACT SOCKET",EACH,1," 62,887.60 ",Picture,,,,,,,,,,,,,
49-66-6602,"49-66-6602 MILWAUKEE SHOCKWAVE 1"" DR 38MM STD IMPACT SOCKET",EACH,1," 59,804.88 ",Picture,,,,,,,,,,,,,
49-66-6603,"49-66-6603 MILWAUKEE SHOCKWAVE 1"" DR 40MM STD IMPACT SOCKET",EACH,1," 64,737.24 ",Picture,,,,,,,,,,,,,
49-66-6604,"49-66-6604 MILWAUKEE SHOCKWAVE 1"" DR 41MM STD IMPACT SOCKET",EACH,1," 68,436.51 ",Picture,,,,,,,,,,,,,
49-66-6606,"49-66-6606 MILWAUKEE SHOCKWAVE 1"" DR 46MM STD IMPACT SOCKET",EACH,1," 76,451.60 ",Picture,,,,,,,,,,,,,
49-66-6607,"49-66-6607 MILWAUKEE SHOCKWAVE 1"" DR 50MM STD IMPACT SOCKET",EACH,1," 86,316.32 ",Picture,,,,,,,,,,,,,
49-66-6801,"49-66-6801 MILWAUKEE SHOCKWAVE 3/8"" DR 19PCS DEEP IMPACT SOCKET PACKOUT SET",EACH,1," 487,921.06 ",Picture,,,,,,,,,,,,,
49-66-7007,"49-66-7007 MILWAUKEE SHOCKWAVE 3/8"" IMPACT SOCKET 14PC Standard Socket rail set",EACH,1," 212,708.07 ",Picture,,,,,,,,,,,,,
49-66-7020,SHOCKWAVE 3/4 in. Drive Metric Deep Well 6 Point Impact Socket Set (8-Piece),EACH,1," 826,307.15 ",Picture,,,,,,,,,,,,,
49-66-7014,"49-66-7014 MILWAUKEE SHOCKWAVE 1/2"" IMPACT SOCKET 14PC DEEP set",EACH,1," 303,340.21 ",Picture,,,,,,,,,,,,,
49-66-7015,"49-66-7015 MILWAUKEE SHOCKWAVE 1/2"" IMPACT SOCKET 29PC DEEP set",EACH,1," 718,891.62 ",Picture,,,,,,,,,,,,,
49-66-7025,"3PC SHOCKWAVE Impact Duty? 1/2"" Drive Metric Deep 6 Point Socket Set",EACH,1," 61,654.51 ",Picture,,,,,,,,,,,,,
49-66-7834?,,EACH,1," 123,309.03 ",Picture,,,,,,,,,,,,,
49-90-2430,49-90-2430 MULTI TOOL ADJUSTABLE DEPTH STOP,EACH,1," 42,387.48 ",Picture,,,,,,,,,,,,,
49-94-8400A,49-94-8400A MILWAUKEE 105 X 1.0 X 16MM STAINLESS STEEL CUT OFF WHEEL,EACH,1," 3,082.73 ",Picture,,,,,,,,,,,,,
49-94-8410A,100 X 6 X 16MM METAL GRINDING WHEEL,EACH,1," 5,780.11 ",Picture,,,,,,,,,,,,,
49-94-8500A,49-94-8500A MILWAUKEE 125 X 1.0 X 22.23MM STAINLESS STEEL CUT OFF WHEEL,EACH,1," 3,468.07 ",Picture,,,,,,,,,,,,,
49-94-8510A,125 X 6 X 22.23MM METAL GRINDING WHEEL,EACH,1," 8,477.50 ",Picture,,,,,,,,,,,,,
4932464084,PACKOUT 25cm Tote,EACH,1," 298,492.88 ",Picture,,,,,,,,,,,,,
4932498643,PACKOUT? Tool Box Attachment Mount (2 Pieces),EACH,1," 37,311.61 ",Picture,,,,,,,,,,,,,
4932498644,PACKOUT? Tool Box Caddy Attachment,EACH,1," 137,191.92 ",Picture,,,,,,,,,,,,,
4932498645,PACKOUT? Tool Box M18 Battery Rack Attachment,EACH,1," 79,789.44 ",Picture,,,,,,,,,,,,,
4932498646,PACKOUT? Tool Box M12 Battery Rack Attachment,EACH,1," 91,269.94 ",Picture,,,,,,,,,,,,,
4932498647,PACKOUT? Tool Box Tray Attachment,EACH,1," 97,584.21 ",Picture,,,,,,,,,,,,,
4932498648,PACKOUT? Tool Box Compact Plate,EACH,1," 78,067.37 ",Picture,,,,,,,,,,,,,
4932498649,PACKOUT? Tool Box Long Tool Holder Attachment,EACH,1," 183,113.90 ",Picture,,,,,,,,,,,,,
4932498650,PACKOUT? Tool Box 3-Hook Attachment,EACH,1," 123,989.35 ",Picture,,,,,,,,,,,,,
48-22-8045,PACKOUT Tool Caddy,EACH,1," 209,519.04 ",Picture,,,,,,,,,,,,,
48-22-8300,PACKOUT? Tech Bag,EACH,1," 746,232.21 ",Picture,,,,,,,,,,,,,
48-22-8301,PACKOUT? Backpack,EACH,1," 719,253.05 ",Picture,,,,,,,,,,,,,
48-22-8315,"15"" PACKOUT? Tote",EACH,1," 477,014.59 ",Picture,,,,,,,,,,,,,
48-22-8320,"20"" PACKOUT? Tote",EACH,1," 536,713.17 ",Picture,,,,,,,,,,,,,
48-22-8371R,PACKOUT 25OZ RED WATER BOTTLE /MILWAUKEE/ US,EACH,1," 72,327.12 ",Picture,,,,,,,,,,,,,
48-22-8372R,PACKOUT 34OZ RED WATER BOTTLE /MILWAUKEE/ US,EACH,1," 83,233.59 ",Picture,,,,,,,,,,,,,
48-22-8382R,PACKOUT? 18oz Insulated Bottle w/ Chug Lid - Red,EACH,1," 125,137.40 ",Picture,,,,,,,,,,,,,
48-22-8391RX,PACKOUT 12oz Insulated Bottle w/ Sip Lid - Red (single box),EACH,1," 113,656.91 ",Picture,,,,,,,,,,,,,
48-22-8392RX,PACKOUT? 591ml / 20oz Tumbler - Red,EACH,1," 107,916.66 ",Picture,,,,,,,,,,,,,
48-22-8393RX,PACKOUT? 887ml / 30oz Tumbler - Red,EACH,1," 130,877.65 ",Picture,,,,,,,,,,,,,
48-22-8394R,PACKOUT? 18oz Insulated Mug w/ Sip Lid - Red,EACH,1," 142,358.15 ",Picture,,,,,,,,,,,,,
48-22-8396R,PACKOUT? 24oz Insulated Bottle w/ Chug Lid - Red,EACH,1," 153,838.64 ",Picture,,,,,,,,,,,,,
48-22-8397R,PACKOUT? 36oz Insulated Bottle w/ Chug Lid - Red,EACH,1," 171,059.38 ",Picture,,,,,,,,,,,,,
48-22-8410,PACKOUT? Dolly,EACH,1," 482,180.81 ",Picture,,,,,,,,,,,,,
48-22-8415,PACKOUT? 2 Wheel Cart,EACH,1," 1,148,049.56 ",Picture,,,,,,,,,,,,,
48-22-8422,PACKOUT? Compact Tool Box,EACH,1," 321,453.88 ",Picture,,,,,,,,,,,,,
48-22-8424,PACKOUT? Tool Box,EACH,1," 357,043.41 ",Picture,,,,,,,,,,,,,
48-22-8425,PACKOUT? Large Tool box,EACH,1," 428,222.48 ",Picture,,,,,,,,,,,,,
48-22-8426,PACKOUT? Rolling tool Box,EACH,1," 770,000.00 ",Picture,,,,,,,,,,,,,
48-22-8427,PACKOUT Low Profile Rolling Tool Box ,EACH,1," 849,556.67 ",Picture,,,,,,,,,,,,,
48-22-8428,PACKOUT? Rolling Job Box,EACH,1," 1,185,935.19 ",Picture,,,,,,,,,,,,,
48-22-8429,PACKOUT? XL Tool Box,EACH,1," 574,024.78 ",Picture,,,,,,,,,,,,,
48-22-8430,PACKOUT? Organizer,EACH,1," 261,181.27 ",Picture,,,,,,,,,,,,,
48-22-8431,PACKOUT? Low Profile Organizer,EACH,1," 213,537.22 ",Picture,,,,,,,,,,,,,
48-22-8432,PACKOUT? Deep Organizer,EACH,1," 320,879.85 ",Picture,,,,,,,,,,,,,
48-22-8433,PACKOUT Tip Bin Organizer,EACH,1," 464,960.07 ",Picture,,,,,,,,,,,,,
48-22-8435,PACKOUT? Compact Organizer,EACH,1," 154,412.67 ",Picture,,,,,,,,,,,,,
48-22-8436,PACKOUT? Compact Low Profile Organizer,EACH,1," 148,098.39 ",Picture,,,,,,,,,,,,,
48-22-8440,PACKOUT? Crate,EACH,1," 238,220.28 ",Picture,,,,,,,,,,,,,
48-22-8442,PACKOUT? 2-Drawer (w/ 2 Divider Sets),EACH,1," 743,362.09 ",Picture,,,,,,,,,,,,,
48-22-8443,PACKOUT 3-Drawer Tool Box,EACH,1," 796,746.39 ",Picture,,,,,,,,,,,,,
48-22-8444,PACKOUT? 4-Drawer,EACH,1," 975,842.12 ",Picture,,,,,,,,,,,,,
48-22-8445,PACKOUT Cabinet,EACH,1," 789,858.10 ",Picture,,,,,,,,,,,,,
48-22-8447,PACKOUT? Multi Depth 3 Drawer,EACH,1," 889,738.41 ",Picture,,,,,,,,,,,,,
48-22-8450,PACKOUT? Tool Box w/ Foam Insert,EACH,1," 321,453.88 ",Picture,,,,,,,,,,,,,
48-22-8460,PACKOUT? Cooler,EACH,1," 451,757.50 ",Picture,,,,,,,,,,,,,
48-22-8488,PACKOUT? Customizable Work Top,EACH,1," 275,531.89 ",Picture,,,,,,,,,,,,,
48-73-6110,PACKOUT UTILITY MAT / MILWAUKEE / US,EACH,1," 189,428.18 ",Picture,,,,,,,,,,,,,
48-22-8070,PACKOUT Magnetic Bin 4x4 (single),EACH,1," 26,692.15 ",Picture,,,,,,,,,,,,,
48-22-8071,PACKOUT Magnetic Bin 4x8 (single),EACH,1," 43,338.87 ",Picture,,,,,,,,,,,,,
48-22-8328,PACKOUT Single Prong Hook,EACH,1," 27,266.18 ",Picture,,,,,,,,,,,,,
48-22-8329,PACKOUT Small Hook Row,EACH,1," 54,532.35 ",Picture,,,,,,,,,,,,,
48-22-8330,PACKOUT Straight Utility Hook,EACH,1," 57,402.48 ",Picture,,,,,,,,,,,,,
48-22-8331,PACKOUT Curved Utility Hook,EACH,1," 57,402.48 ",Picture,,,,,,,,,,,,,
48-22-8332,PACKOUT Large Hook,EACH,1," 70,318.04 ",Picture,,,,,,,,,,,,,
48-22-8333,PACKOUT Large S Hook,EACH,1," 37,311.61 ",Picture,,,,,,,,,,,,,
48-22-8334,PACKOUT Small Straight Utility Hook,EACH,1," 27,266.18 ",Picture,,,,,,,,,,,,,
48-22-8335,PACKOUT Small Curved Utility Hook,EACH,1," 27,266.18 ",Picture,,,,,,,,,,,,,
48-22-8336,PACKOUT Cup Holder,EACH,1," 25,831.12 ",Picture,,,,,,,,,,,,,
48-22-8337,PACKOUT Paper Towel Holder,EACH,1," 47,357.04 ",Picture,,,,,,,,,,,,,
48-22-8338,PACKOUT M12 Battery Holder,EACH,1," 33,867.46 ",Picture,,,,,,,,,,,,,
48-22-8339,PACKOUT M18 Battery Holder,EACH,1," 48,218.08 ",Picture,,,,,,,,,,,,,
48-22-8340,PACKOUT Pliers Rack,EACH,1," 48,792.11 ",Picture,,,,,,,,,,,,,
48-22-8341,PACKOUT Screwdriver Rack,EACH,1," 31,571.36 ",Picture,,,,,,,,,,,,,
48-22-8342,PACKOUT  Basket,EACH,1," 47,357.04 ",Picture,,,,,,,,,,,,,
48-22-8343,PACKOUT Drill Storage Station,EACH,1," 111,934.83 ",Picture,,,,,,,,,,,,,
48-22-8344,PACKOUT Belt Clip Rack,EACH,1," 46,496.01 ",Picture,,,,,,,,,,,,,
48-22-8346,PACKOUT Magnet Rack,EACH,1," 110,786.78 ",Picture,,,,,,,,,,,,,
48-22-8347,PACKOUT Small Shelf,EACH,1," 43,051.86 ",Picture,,,,,,,,,,,,,
48-22-8348,PACKOUT Long Handle Grabber,EACH,1," 53,097.29 ",Picture,,,,,,,,,,,,,
48-22-8349,PACKOUT Long Handled Storage,EACH,1," 140,636.07 ",Picture,,,,,,,,,,,,,
48-22-8480,PACKOUT? 2-Shelf Racking Kit,EACH,1," 674,479.12 ",Picture,,,,,,,,,,,,,
48-22-8485,48-22-8485 PACKOUT MOUNTING PLATE,EACH,1," 172,207.43 ",Picture,,,,,,,,,,,,,
48-22-8486,PACKOUT? Compact Wall Plate (METCO),EACH,1," 100,454.34 ",Picture,,,,,,,,,,,,,
48-22-8487,PACKOUT Large Mounting Plate,EACH,2," 215,259.29 ",Picture,,,,,,,,,,,,,
48-22-8205,Performance Travel Backpack,EACH,1," 582,635.15 ",Picture,,,,,,,,,,,,,
48-22-8711,Lightweight Work Glove with Flexible Cuff - M,EACH,1," 59,188.33 ",Picture,,,,,,,,,,,,,
48-22-8711,Lightweight Work Glove with Flexible Cuff - M,EACH,57," 62,232.37 ",Picture,,,,,,,,,,,,,
48-22-8712,Lightweight Work Glove with Flexible Cuff - L,EACH,1," 59,188.33 ",Picture,,,,,,,,,,,,,
48-22-8712,Lightweight Work Glove with Flexible Cuff - L,EACH,1," 62,232.37 ",Picture,,,,,,,,,,,,,
48-22-8713,Lightweight Work Glove with Flexible Cuff - XL,EACH,1," 59,188.33 ",Picture,,,,,,,,,,,,,
48-22-8713,Lightweight Work Glove with Flexible Cuff - XL,EACH,1," 62,232.37 ",Picture,,,,,,,,,,,,,
48-22-8714,Lightweight Work Glove with Flexible Cuff - XXL,EACH,1," 59,188.33 ",Picture,,,,,,,,,,,,,
48-22-8714,Lightweight Work Glove with Flexible Cuff - XXL,EACH,1," 62,232.37 ",Picture,,,,,,,,,,,,,
48-22-8732,Wrecking Work Gloves - L,EACH,1," 88,782.50 ",Picture,,,,,,,,,,,,,
48-22-8733,Wrecking Work Gloves - XL,EACH,1," 88,782.50 ",Picture,,,,,,,,,,,,,
48-22-8901B,Cut Level 1 Nitrile Dipped Gloves - M (12PK),EACH,1," 207,467.44 ",Picture,,,,,,,,,,,,,
48-22-8902,Cut Level 1 Nitrile Dipped Gloves - L,EACH,1," 12,984.67 ",Picture,,,,,,,,,,,,,
48-22-8902B,Cut Level 1 Nitrile Dipped Gloves - L (12PK),EACH,1," 207,467.44 ",Picture,,,,,,,,,,,,,
48-22-8903,Cut Level 1 Nitrile Dipped Gloves - XL,EACH,1," 12,984.67 ",Picture,,,,,,,,,,,,,
48-22-8903B,Cut Level 1 Nitrile Dipped Gloves - XL (12PK),EACH,1," 207,467.44 ",Picture,,,,,,,,,,,,,
48-22-8904,Cut Level 1 Nitrile Dipped Gloves - XXL,EACH,1," 12,984.67 ",Picture,,,,,,,,,,,,,
48-22-8904B,Cut Level 1 Nitrile Dipped Gloves - XXL (12PK),EACH,1," 207,467.44 ",Picture,,,,,,,,,,,,,
48-22-8932,Cut Level 3 Nitrile Dipped Gloves - L,EACH,1," 23,835.63 ",Picture,,,,,,,,,,,,,
48-22-8932,Cut Level 3 Nitrile Dipped Gloves - L,EACH,1," 36,376.16 ",Picture,,,,,,,,,,,,,
48-22-8933,Cut Level 3 Nitrile Dipped Gloves - XL,EACH,1," 36,376.16 ",Picture,,,,,,,,,,,,,
48-22-8952,Cut Level 5 Nitrile Dipped Gloves - L,EACH,104," 34,312.28 ",Picture,,,,,,,,,,,,,
48-22-8953,Cut Level 5 Nitrile Dipped Gloves - XL,EACH,50," 49,940.16 ",Picture,,,,,,,,,,,,,
48-22-8954B,Cut Level 5 Nitrile Dipped Gloves - XXL (12PK),EACH,1," 599,281.87 ",Picture,,,,,,,,,,,,,
48-22-8954B,Cut Level 5 Nitrile Dipped Gloves - XXL,EACH,206," 49,940.16 ",Picture,,,,,,,,,,,,,
48-22-8973,Impact Resistant Cut 3 Nitrile Glove - XL,EACH,1," 59,188.33 ",Picture,,,,,,,,,,,,,
48-22-8981,Impact Resistant Cut 5 Nitrile Gloves - M,EACH,1," 80,150.87 ",Picture,,,,,,,,,,,,,
48-22-8982,Impact Resistant Cut 5 Nitrile Gloves - L,EACH,1," 80,150.87 ",Picture,,,,,,,,,,,,,
48-22-8983,Impact Resistant Cut 5 Nitrile Gloves -XL,EACH,1," 80,150.87 ",Picture,,,,,,,,,,,,,
48-22-8984,Impact Resistant Cut 5 Nitrile Gloves-XXL,EACH,1," 80,150.87 ",Picture,,,,,,,,,,,,,
48-73-2000A,Clear Safety Glasses(Blister),EACH,1," 19,683.20 ",Picture,,,,,,,,,,,,,
48-73-2001,Clear Safety Glasses(Polybag),EACH,1," 19,683.20 ",Picture,,,,,,,,,,,,,
48-73-2005A,Tinted Safety Glasses,EACH,1," 19,683.20 ",Picture,,,,,,,,,,,,,
48-73-2070,Clear Over the Glasses,EACH,1," 45,624.34 ",Picture,,,,,,,,,,,,,
48-73-4541,Fabric Cooling Towel,EACH,1," 30,518.98 ",Picture,,,,,,,,,,,,,
48-73-7000,A6 LEVEL HIGH DEXTERITY NITRILE DIPPED GLOVES - S ,EACH,1," 45,932.61 ",Picture,,,,,,,,,,,,,
48-73-7001,A6 LEVEL HIGH DEXTERITY NITRILE DIPPED GLOVES - M ,EACH,1," 45,932.61 ",Picture,,,,,,,,,,,,,
48-73-7001B,A6 LEVEL HIGH DEXTERITY NITRILE DIPPED GLOVES - M  (12PK),EACH,1," 736,771.43 ",Picture,,,,,,,,,,,,,
48-73-7002,A6 LEVEL HIGH DEXTERITY NITRILE DIPPED GLOVES - L ,EACH,1," 45,932.61 ",Picture,,,,,,,,,,,,,
48-73-7002B,A6 LEVEL HIGH DEXTERITY NITRILE DIPPED GLOVES - L (12PK),EACH,1," 736,771.43 ",Picture,,,,,,,,,,,,,
48-73-7003,A6 LEVEL HIGH DEXTERITY NITRILE DIPPED GLOVES - XL ,EACH,48," 45,932.61 ",Picture,,,,,,,,,,,,,
48-73-7003B,A6 LEVEL HIGH DEXTERITY NITRILE DIPPED GLOVES - XL (12PK),EACH,1," 736,771.43 ",Picture,,,,,,,,,,,,,
48-73-7004,A6 LEVEL HIGH DEXTERITY NITRILE DIPPED GLOVES - XXL ,EACH,1," 45,932.61 ",Picture,,,,,,,,,,,,,
48-73-7004B,A6 LEVEL HIGH DEXTERITY NITRILE DIPPED GLOVES - XXL (12PK),EACH,1," 736,771.43 ",Picture,,,,,,,,,,,,,
48-73-7021,A8 LEVEL HIGH DEXTERITY NITRILE DIPPED GLOVES - M ,EACH,1," 70,594.42 ",Picture,,,,,,,,,,,,,
48-73-7022,A8 LEVEL HIGH DEXTERITY NITRILE DIPPED GLOVES - L ,EACH,1," 70,594.42 ",Picture,,,,,,,,,,,,,
48-73-7023,A8 LEVEL HIGH DEXTERITY NITRILE DIPPED GLOVES - XL ,EACH,1," 70,594.42 ",Picture,,,,,,,,,,,,,
48-73-7031,A9 LEVEL HIGH DEXTERITY NITRILE DIPPED GLOVES - M ,EACH,1," 76,759.87 ",Picture,,,,,,,,,,,,,
48-73-7032,A9 LEVEL HIGH DEXTERITY NITRILE DIPPED GLOVES - L ,EACH,1," 76,759.87 ",Picture,,,,,,,,,,,,,
48-73-7033,A9 LEVEL HIGH DEXTERITY NITRILE DIPPED GLOVES - XL ,EACH,1," 76,759.87 ",Picture,,,,,,,,,,,,,
48-73-7121,Cut Level 2 High Dexterity Nitrile Dipped Gloves - M,EACH,1," 29,902.44 ",Picture,,,,,,,,,,,,,
48-73-7122,Cut Level 2 High Dexterity Nitrile Dipped Gloves - L,EACH,1," 29,902.44 ",Picture,,,,,,,,,,,,,
48-73-7151,CUT 5 HIGH DEXTERITY NITRILE GLOVES - M,EACH,1," 40,075.43 ",Picture,,,,,,,,,,,,,
48-73-7152,CUT 5 HIGH DEXTERITY NITRILE GLOVES - L,EACH,1," 40,075.43 ",Picture,,,,,,,,,,,,,
48-73-7153,CUT 5 HIGH DEXTERITY NITRILE GLOVES - XL,EACH,1," 40,075.43 ",Picture,,,,,,,,,,,,,
48-73-8130,Impact Resistant Cut 3 Nitrile Glove - S,EACH,1," 59,188.33 ",Picture,,,,,,,,,,,,,
48-73-8131,Impact Resistant Cut 3 Nitrile Glove - M,EACH,1," 59,188.33 ",Picture,,,,,,,,,,,,,
48-73-8132,Impact Resistant Cut 3 Nitrile Glove - L,EACH,1," 59,188.33 ",Picture,,,,,,,,,,,,,
48-73-8133,Impact Resistant Cut 3 Nitrile Glove -XL,EACH,1," 59,188.33 ",Picture,,,,,,,,,,,,,
48-73-8134,Impact Resistant Cut 3 Nitrile Glove-XXL,EACH,1," 59,188.33 ",Picture,,,,,,,,,,,,,
48-73-8150,Impact Resistant Cut 5 Nitrile Gloves - S,EACH,1," 60,960.90 ",Picture,,,,,,,,,,,,,
48-73-8151,Impact Resistant Cut 5 Nitrile Gloves - M,EACH,1," 60,960.90 ",Picture,,,,,,,,,,,,,
48-73-8152,Impact Resistant Cut 5 Nitrile Gloves - L,EACH,1," 60,960.90 ",Picture,,,,,,,,,,,,,
48-73-8153,Impact Resistant Cut 5 Nitrile Gloves -XL,EACH,1," 60,960.90 ",Picture,,,,,,,,,,,,,
48-73-8154,Impact Resistant Cut 5 Nitrile Gloves-XXL,EACH,1," 60,960.90 ",Picture,,,,,,,,,,,,,
48-73-8511,Lightweight Work Glove with Flexible Cuff - M,EACH,1," 59,188.33 ",Picture,,,,,,,,,,,,,
48-73-8512,Lightweight Work Glove with Flexible Cuff - L,EACH,1," 59,188.33 ",Picture,,,,,,,,,,,,,
48-73-8513,Lightweight Work Glove with Flexible Cuff - XL,EACH,1," 59,188.33 ",Picture,,,,,,,,,,,,,
48-73-8514,Lightweight Work Glove with Flexible Cuff - XXL,EACH,1," 57,955.24 ",Picture,,,,,,,,,,,,,
48-73-8531,Wrecking Work Gloves - M,EACH,1," 74,601.96 ",Picture,,,,,,,,,,,,,
48-73-8532,Wrecking Work Gloves - L,EACH,1," 74,601.96 ",Picture,,,,,,,,,,,,,
48-73-8533,Wrecking Work Gloves - XL,EACH,1," 74,601.96 ",Picture,,,,,,,,,,,,,
48-73-8534,Wrecking Work Gloves - XXL,EACH,1," 74,601.96 ",Picture,,,,,,,,,,,,,
48-73-8631,Cut Level 3 Nitrile Dipped Gloves - M,EACH,1," 23,835.63 ",Picture,,,,,,,,,,,,,
48-73-8632,Cut Level 3 Nitrile Dipped Gloves - L,EACH,1," 23,835.63 ",Picture,,,,,,,,,,,,,
48-73-8633,Cut Level 3 Nitrile Dipped Gloves - XL,EACH,1," 23,835.63 ",Picture,,,,,,,,,,,,,
48-73-8650,Cut Level 5 Nitrile Dipped Gloves - S,EACH,1," 34,312.28 ",Picture,,,,,,,,,,,,,
48-73-8651,Cut Level 5 Nitrile Dipped Gloves - M,EACH,100," 34,312.28 ",Picture,,,,,,,,,,,,,
48-73-8652,Cut Level 5 Nitrile Dipped Gloves - L,EACH,1," 34,312.28 ",Picture,,,,,,,,,,,,,
48-73-8653,Cut Level 5 Nitrile Dipped Gloves - XL,EACH,1," 34,312.28 ",Picture,,,,,,,,,,,,,
48-73-8654,Cut Level 5 Nitrile Dipped Gloves - XXL,EACH,1," 34,312.28 ",Picture,,,,,,,,,,,,,
48-73-8761,DIPPED ANTI-VIBE GLOVES - M,EACH,1," 60,113.15 ",Picture,,,,,,,,,,,,,
48-73-8762,DIPPED ANTI-VIBE GLOVES - L,EACH,1," 60,113.15 ",Picture,,,,,,,,,,,,,
48-73-8763,DIPPED ANTI-VIBE GLOVES - XL,EACH,1," 60,113.15 ",Picture,,,,,,,,,,,,,
48-73-8911,High Visibility Cut Level 1 Polyurethane Dipped - M,EACH,1," 8,323.36 ",Picture,,,,,,,,,,,,,
48-73-8911B,High Visibility Cut Level 1 Polyurethane Dipped - M(12PK),EACH,1," 99,880.31 ",Picture,,,,,,,,,,,,,
48-73-8912,High Visibility Cut Level 1 Polyurethane Dipped - L,EACH,1," 8,323.36 ",Picture,,,,,,,,,,,,,
48-73-8912B,High Visibility Cut Level 1 Polyurethane Dipped - L(12PK),EACH,1," 99,880.31 ",Picture,,,,,,,,,,,,,
M18 FCHS??,M18 FCHS BAG,EACH,1," 215,790.80 ",Picture,,,,,,,,,,,,,
M18 B5-CR,M18 5.0Ah Resistant Battery,EACH,1," 462,408.85 ",Picture,,,,,,,,,,,,,
M18 FB12,M18 FORGE HD 12.0Ah Battery,EACH,2," 1,288,579.33 ",Picture,,,,,,,,,,,,,
M18 FB6,M18 FORGE 6.0Ah Battery ,EACH,1," 1,048,126.73 ",Picture,,,,,,,,,,,,,
M18 FB8,M18 FORGE XC 8.0Ah Battery,EACH,1," 937,148.60 ",Picture,,,,,,,,,,,,,
M18 HB3,M18 High Output 3.0Ah Battery,EACH,1," 341,257.73 ",Picture,,,,,,,,,,,,,
M18 HB6,M18 High Output 6.0Ah Battery,EACH,1," 673,143.98 ",Picture,,,,,,,,,,,,,
M18 HB8,M18 High Output 8.0Ah Battery,EACH,2," 873,182.04 ",Picture,,,,,,,,,,,,,
M18B2 BULK,M18 2.0Ah Battery,EACH,1," 292,297.01 ",Picture,,,,,,,,,,,,,
M18B4 BULK,M18 4.0Ah Battery,EACH,1," 380,326.35 ",Picture,,,,,,,,,,,,,
M12 HB2.5,M12 High Output 2.5Ah Battery,EACH,1," 188,662.81 ",Picture,,,,,,,,,,,,,
M12 HB5,M12 High Output 5.0Ah Battery,EACH,2," 328,310.28 ",Picture,,,,,,,,,,,,,
M12B2 BULK,M12 2.0Ah battery,EACH,1," 269,717.45 ",Picture,,,,,,,,,,,,,
M12B4 BULK,M12 4.0Ah battery,EACH,1," 248,618.74 ",Picture,,,,,,,,,,,,,
L4B3,REDLITHIUM USB Battery 3.0Ah,EACH,1," 90,940.41 ",Picture,,,,,,,,,,,,,
M18 CCS55-0,M18 Fuel 165mm Circular Saw,EACH,1," 1,048,126.73 ",Picture,,,,,,,,,,,,,
M18 FCS66GR3-0C,M18 FUEL 190mm Guiderail Circ Saw G3,EACH,1," 1,911,289.91 ",Picture,,,,,,,,,,,,,
M18 FFN21-0B0,M18 FUEL 21 degree Framing Nailer,EACH,1," 3,152,086.99 ",Picture,,,,,,,,,,,,,
M18 FHZ-0X,M18 FUEL Hackzall,EACH,1," 1,000,000.00 ",Picture,,,,,,,,,,,,,
M18 FJS-0X0,M18 FUEL Jigsaw,EACH,1," 1,261,260.00 ",Picture,,,,,,,,,,,,,
M18 FMS305-0,M18 FUEL 305mm mitre saw,EACH,1," 6,259,166.19 ",Picture,,,,,,,,,,,,,
M18 FMT-0X0,M18 FUEL Multi Tool,EACH,1," 924,817.70 ",Picture,,,,,,,,,,,,,
M18 FSX-0C,M18 FUEL SUPER SAWZALL,EACH,1," 1,766,773.01 ",Picture,,,,,,,,,,,,,
M18 FSZ-0X0,M18 FUEL Sawzall Gen2,EACH,1," 1,268,812.89 ",Picture,,,,,,,,,,,,,
SSPE 1500X,1500ÿWÿSuperÿSAWZALL?,EACH,1," 1,448,881.06 ",Picture,,,,,,,,,,,,,
C12 RT-0,M12 Rotary Tool,EACH,1," 314,438.02 ",Picture,,,,,,,,,,,,,
M12 CHZ-401B,M12 Fuel Hackzall,EACH,1," 1,017,299.47 ",Picture,,,,,,,,,,,,,
M12 FCOT-0X,M12 Fuel Cut Off Tool,EACH,1," 693,613.27 ",Picture,,,,,,,,,,,,,
M18 DBSC,M18 Dual Bay Super Charger,EACH,1," 1,248,503.89 ",Picture,,,,,,,,,,,,,
M18 PC6,M18? 6-Bay PACKOUT? Fast Charger,EACH,1," 1,387,226.55 ",Picture,,,,,,,,,,,,,
C12C BULK,M12 Normal Charger,EACH,1," 118,032.31 ",Picture,,,,,,,,,,,,,
M12 TC-0,M12 Travel Charger,EACH,1," 169,337.31 ",Picture,,,,,,,,,,,,,
M12-18C BULK,M12-18 Normal Charger,EACH,1," 163,933.77 ",Picture,,,,,,,,,,,,,
M12-18C3,M18 & M12 Rapid Charger Station,EACH,1," 778,377.60 ",Picture,,,,,,,,,,,,,
M12-18FC,M12-18 Fast Charger,EACH,1," 269,717.45 ",Picture,,,,,,,,,,,,,
M12-18SC,M12-18 Super Charger,EACH,1," 932,216.24 ",Picture,,,,,,,,,,,,,
M18 BBL-0,M18 Blower,EACH,1," 499,295.02 ",Picture,,,,,,,,,,,,,
M18 CV-0,M18 Compact Vacuum,EACH,1," 698,545.64 ",Picture,,,,,,,,,,,,,
M18 FPOVCL-0,"M18 FUEL PACKOUT Wet/Dry Vacuum, ASIA version",EACH,1," 1,269,466.43 ",Picture,,,,,,,,,,,,,
M18 FVC23L-0,M18 FUEL 23L Wet/Dry Vacuum,EACH,1," 3,051,898.41 ",Picture,,,,,,,,,,,,,
M18 VC-2-0,M18 Vacuum Cleaner Gen2,EACH,1," 786,882.10 ",Picture,,,,,,,,,,,,,
M12 BBL-0,M12 Compact Spot Blower,EACH,1," 378,558.71 ",Picture,,,,,,,,,,,,,
M18 FCOS230-0G0,M18 FUEL 230mm Cut Off Saw,EACH,1," 3,154,886.11 ",Picture,,,,,,,,,,,,,
M18 FH-0X0,M18 Gen 2 Fuel 26mm SDS +Rotary Hammer ASIA version,EACH,1," 1,498,204.67 ",Picture,,,,,,,,,,,,,
M18 FHM-0C0,M18 Fuel 8 kg SDS-Max Drilling & Breaking Hammer,EACH,1," 5,593,297.44 ",Picture,,,,,,,,,,,,,
M18 FHP-0X0,M18 Fuel 32mm SDS+ Rotary Hammer Bare ASIA version,EACH,1," 1,997,606.23 ",Picture,,,,,,,,,,,,,
DD2E 1020 GX,1020 W 2-SPEED PERCUSSION DRILL,EACH,1," 660,566.46 ",Picture,,,,,,,,,,,,,
M18 BDD-202C,"M18 Brushed Gen2 1/2"" Drill Driver",EACH,1," 831,719.38 ",Picture,,,,,,,,,,,,,
M18 BPD-0C,"M18 Brushed Gen2 1/2"" Hammer Drill Driver",EACH,1," 434,373.93 ",Picture,,,,,,,,,,,,,
M18 BRAID-0,M18 18V Lithium-Ion Cordless 1/4 in. Hex 2-Speed Right Angle Impact Driver,EACH,1," 928,000.00 ",Picture,,,,,,,,,,,,,
M18 BRAIW-0,"M18? Cordless 2-Speed 3/8"" Right Angle Impact Wrench",EACH,1," 1,310,574.96 ",Picture,,,,,,,,,,,,,
M18 FDD3-0X,M18 Fuel Drill Driver Gen4,EACH,1," 1,077,614.54 ",Picture,,,,,,,,,,,,,
M18 FPD3-0X0,M18 Fuel Percussion Drill Gen4,EACH,1," 1,102,652.05 ",Picture,,,,,,,,,,,,,
M18 FPMC-0 ,M18 Fuel Mud Mixer w/ Chuck,EACH,1," 1,078,953.98 ",Picture,,,,,,,,,,,,,
M18 FQID-0,M18 Fuel 1/4'' Hex Hydraulic Impact Driver with double end bit,EACH,1," 1,310,158.41 ",Picture,,,,,,,,,,,,,
C12 RAD-0B,M12 Sub Compact Right Angle Drill,EACH,1," 380,669.45 ",Picture,,,,,,,,,,,,,
M12 BDD-202C,M12 Brushed Gen2 Drill Driver ,EACH,1," 635,091.74 ",Picture,,,,,,,,,,,,,
M12 BPD-0,M12 Brushed Gen2 Hammer Drill,EACH,1," 347,567.76 ",Picture,,,,,,,,,,,,,
M12 BRAID-0,"M12 1/4""  Hex Right Angle Impact Driver",EACH,1," 655,079.20 ",Picture,,,,,,,,,,,,,
M12 FDD2-0X,M12 FUEL Drill Driver Gen 3,EACH,1," 696,135.16 ",Picture,,,,,,,,,,,,,
M12 FPD2-0X,M12 FUEL Hammer Drill Gen 3,EACH,1," 760,006.61 ",Picture,,,,,,,,,,,,,
M12ÿFDDXKIT-0X,M12 Fuel Installation Drill/Driver with all attachment,EACH,1," 971,058.58 ",Picture,,,,,,,,,,,,,
M18 BIW12-0C,"M18 Brushed Gen2 1/2"" Impact Wrench w/Multi Fit",EACH,1," 505,054.04 ",Picture,,,,,,,,,,,,,
M18 FHIW2F12-0X0 ASIA," GEN 3 M18 FUEL 1/2"" HIGH TORQUE IMPACT WRENCH, w/ Friction Ring",EACH,1," 1,942,117.17 ",Picture,,,,,,,,,,,,,
M18 FHIWF1R-0C0,"M18 FUEL? 1"" Railway Impact Wrench ",EACH,1," 2,774,453.10 ",Picture,,,,,,,,,,,,,
M18 FID3-0X0,M18 FUEL Impact Driver (Gen4) w/ Double End Bit Gen 4,EACH,1," 1,200,000.00 ",Picture,,,,,,,,,,,,,
M18 FIW2F12-0 ,"M18 FUEL 1/2"" IMPACT WRENCH W/ FRICTION RING, Packed in giftbox, ASIA '0' version",EACH,1," 800,000.00 ",Picture,,,,,,,,,,,,,
M18 FIW2F12-0C0,"M18 FUEL 1/2"" IMPACT WRENCH W/ FRICTION RING, Pakced in BMC, ASIA '0' version",EACH,1," 712,109.63 ",Picture,,,,,,,,,,,,,
M18 FIW2F38-0,"M18 FUEL? 3/8"" Compact Impact Wrench",EACH,1," 661,244.65 ",Picture,,,,,,,,,,,,,
M18 FMTIW2F12-0,M18 FUEL? «? Mid Torque Impact Wrench,EACH,1," 1,431,617.80 ",Picture,,,,,,,,,,,,,
M18 FMTIW2F12-0X0,M18 FUEL? «? Mid Torque Impact Wrench,EACH,4," 1,548,144.83 ",Picture,,,,,,,,,,,,,
M18 FRT-0X0,M18 FUEL Rivet Tool,EACH,1," 2,097,486.54 ",Picture,,,,,,,,,,,,,
M18 ONEFHIWF1(A)-0X,M18 Fuel 1'' High Torque Impact Wrench w/ friction Ring,EACH,1," 2,712,798.58 ",Picture,,,,,,,,,,,,,
M18 ONEFHIWF1D(A)-0C0,M18 FUEL? D-Handle 1? High Torque Impact Wrench w/ Ext Anvil,EACH,1," 3,551,907.47 ",Picture,,,,,,,,,,,,,
M18 ONEFHIWF1DS-0C0,M18 FUEL? D-Handle 1? High Torque Impact Wrench w/ Short Anvil,EACH,1," 3,651,488.55 ",Picture,,,,,,,,,,,,,
M18 ONEFHIWF34-0X,"M18 FUEL 3/4'' High Torque Impact Wrench, w/Friction Ring",EACH,1," 2,280,411.41 ",Picture,,,,,,,,,,,,,
M12 BIW12-202C,"M12 Brushed Gen2 1/2"" Impact Wrench",EACH,1," 853,193.65 ",Picture,,,,,,,,,,,,,
M12 BPRT-0C,M12 Rivet Tool,EACH,1," 1,068,889.13 ",Picture,,,,,,,,,,,,,
M12 CD-202C,M12 Fuel Screwdriver,EACH,1," 779,481.67 ",Picture,,,,,,,,,,,,,
M12 FHIR14-0B,"M12 FUEL? 1/4"" High Speed Ratchet",EACH,1," 898,922.80 ",Picture,,,,,,,,,,,,,
M12 FHIR38-0B,"M12 FUEL? 3/8"" High Speed Ratchet",EACH,1," 873,182.04 ",Picture,,,,,,,,,,,,,
M12 FHIR38LR-0 ,"M12 FUEL? 3/8"" Extended Reach High Speed Ratchet",EACH,1," 893,990.44 ",Picture,,,,,,,,,,,,,
M12 FID-0C,"M12 FUEL 1/4"" HEX Impact Driver w/double end bit",EACH,1," 729,980.19 ",Picture,,,,,,,,,,,,,
M12 FID2-0X,"M12 FUEL 1/4"" Hex Impact Driver Bare Tool",EACH,1," 861,005.28 ",Picture,,,,,,,,,,,,,
M12 FIR12-0,M12 Fuel 1/2'' Impact Ratchet,EACH,1," 1,189,254.89 ",Picture,,,,,,,,,,,,,
M12 FIR38-0,M12 Fuel 3/8'' Impact Ratchet,EACH,1," 1,055,515.16 ",Picture,,,,,,,,,,,,,
M12 FIW2F12-0X0 ,"M12 Gen 3 1/2? Fuel Compact Impact Wrench with Friction Ring  ""0"" , dynacase pack, ASIA Version ",EACH,1," 1,048,126.73 ",Picture,,,,,,,,,,,,,
M12 FIW2F38-0 ,"M12 Gen 3 3/8? Fuel Compact Impact Wrench with Friction Ring ""0"" ASIA Version",EACH,1," 955,644.96 ",Picture,,,,,,,,,,,,,
M12 FIW38-0,"M12 FUEL? 3/8"" Compact Impact Wrench",EACH,1," 631,958.76 ",Picture,,,,,,,,,,,,,
M12 FIWF12-0C0,"M12 FUEL Gen II 1/2"" Impact Wrench (w/ friction ring)",EACH,1," 828,408.44 ",Picture,,,,,,,,,,,,,
M12 FPTR-0,M12 FUEL INSIDER PASS-THOUGH RATCHET ,EACH,1," 1,310,158.41 ",Picture,,,,,,,,,,,,,
M12 FRAIWF12-0B,"M12 FUEL 1/2"" Right Angle Impact Wrench (w/Friction ring)",EACH,1," 1,134,443.04 ",Picture,,,,,,,,,,,,,
M12 IR-202B,"M12 3/8"" Impact Rachet",EACH,1," 983,208.47 ",Picture,,,,,,,,,,,,,
M12 ONEFTR12-0C,"M12 FUEL 1/2"" ONEKEY Impact Torque Ratchet",EACH,1," 5,143,836.04 ",Picture,,,,,,,,,,,,,
M12 ONEFTR38-0C0,"M12 FUEL 3/8"" Digital Torque Wrench Bare Tool",EACH,1," 2,928,589.38 ",Picture,,,,,,,,,,,,,
M4 D-202C,M4 Drill Driver ,EACH,1," 612,275.25 ",Picture,,,,,,,,,,,,,
49-16-2864,"M18 FUEL 3/4"" High Torque Impact Wrench Protective Boot",EACH,1," 188,816.95 ",Picture,,,,,,,,,,,,,
49-16-2867B,"Rubber Boot For M18 FUEL 1"" HTIW",EACH,1," 196,523.76 ",Picture,,,,,,,,,,,,,
M18 AF-0,M18 Air Fan,EACH,1," 522,830.27 ",Picture,,,,,,,,,,,,,
M18 AFG2-0,"M18 Air Fan G2, giftbox pack, APJ '0' version
without AC cable",EACH,1," 647,372.39 ",Picture,,,,,,,,,,,,,
M18 ARFHP-0,M18 High Velocity Air Fan APJ,EACH,1," 1,972,944.42 ",Picture,,,,,,,,,,,,,
M18 JSSP-0,M18 Jobsite Speaker,EACH,1," 770,681.42 ",Picture,,,,,,,,,,,,,
M18 PRC-0,M18 PACKOUT Radio Charger,EACH,1," 2,003,771.68 ",Picture,,,,,,,,,,,,,
M12 AF-0,"M12 Air Fan, ASIA version",EACH,1," 456,243.40 ",Picture,,,,,,,,,,,,,
M12 RC-0,"M12 Radio Charger, ASIA version",EACH,1," 801,508.67 ",Picture,,,,,,,,,,,,,
M12 SPEJSG2-0 ,M12 BT Jobsite Speaker w/ PACKOUT Compatibility,EACH,1," 616,545.13 ",Picture,,,,,,,,,,,,,
M12-18 JSSP-0,M12-18 Jobsite Speaker,EACH,1," 986,472.21 ",Picture,,,,,,,,,,,,,
M18 ALIS-0,"M18 Service Area Light, APJ version ",EACH,1," 332,934.37 ",Picture,,,,,,,,,,,,,
M18 HOSALC-0,"M18 High Output Stand Area Light Charger, ASIA version",EACH,1," 2,339,172.23 ",Picture,,,,,,,,,,,,,
M18 PAL2-0,"M18 Pivoting Area Light G2, APJ '0' version",EACH,1," 770,681.42 ",Picture,,,,,,,,,,,,,
M18 SAL2-0,M18 Led Stand Light G2,EACH,1," 1,556,776.46 ",Picture,,,,,,,,,,,,,
M18 SLED-0,M18 Spot Light,EACH,1," 780,780.00 ",Picture,,,,,,,,,,,,,
M18 UBL-0,M18 Utility Light,EACH,1," 1,621,620.00 ",Picture,,,,,,,,,,,,,
M12 CML-0 APJ,M12 Color Matching Light,EACH,1," 493,236.11 ",Picture,,,,,,,,,,,,,
M12 PAL-0,M12 Pivoting Area Light,EACH,1," 283,610.76 ",Picture,,,,,,,,,,,,,
M12 POAL-0,M12 Packout light '0' Asia Version,EACH,1," 709,026.90 ",Picture,,,,,,,,,,,,,
M12 UCL-0 APJ,M12 Undercarriage Light,EACH,1," 863,163.19 ",Picture,,,,,,,,,,,,,
M12 UHL-0,M12 Under Hood Light,EACH,1," 709,026.90 ",Picture,,,,,,,,,,,,,
IR FL500,Internal Rechargeable Flashlight 500 Lumens,EACH,1," 274,362.58 ",Picture,,,,,,,,,,,,,
IR PL250,"Internal Rechargeable Penlight 250 Lumens, ASIA version",EACH,1," 268,197.13 ",Picture,,,,,,,,,,,,,
L4 FFL-301,"L4 FOLDING FLOODLIGHT, ASIA VERSION, W/L4B3 BATTERY WITH 
USB TYPE C DESIGN CHANGE",EACH,1," 339,099.82 ",Picture,,,,,,,,,,,,,
L4 FL2000-301,"L4 Flash light 2000lumens w/ L4B3 battery, USB-C Cable, ASIA VERSION",EACH,1," 468,574.30 ",Picture,,,,,,,,,,,,,
L4 FL-301,"L4 FLOODLIGHT, ASIA VERSION, W/L4B3 BATTERY WITH USB TYPE C DESIGN CHANGE",EACH,1," 300,300.00 ",Picture,,,,,,,,,,,,,
L4 FMLED-301,"L4 Fixed Beam Compact LED Flashlight, ASIA Version, w/L4B3 battery with Type C",EACH,1," 339,099.82 ",Picture,,,,,,,,,,,,,
L4 HL2-301,REDLITHIUM USB Hard Hat Headlamp,EACH,1," 339,099.82 ",Picture,,,,,,,,,,,,,
L4 HLRP-301,USB Rear Battery Headlamp ASIA version WITH USB TYPE C DESIGN CHANGE,EACH,1," 369,927.08 ",Picture,,,,,,,,,,,,,
L4 HSL-301 ASIA,"REDLITHIUM USB Rechargeable Utility Hot Stick Light, giftbox pack, ASIA '0' version",EACH,1," 431,581.59 ",Picture,,,,,,,,,,,,,
L4 NL400-301,REDLITHIUM?USB Neck Light,EACH,1," 425,416.14 ",Picture,,,,,,,,,,,,,
L4 SL550-301 ASIA,RELITHIUM? USB Stick Light 550 Lumens,EACH,1," 554,890.62 ",Picture,,,,,,,,,,,,,
L4 TMLED-301,"L4 Twist Focus LED Flashlight, ASIA Version, w/L4B3 battery with Type C",EACH,1," 385,340.71 ",Picture,,,,,,,,,,,,,
M18 BMS20-0,M18 Compact Metal Shear,EACH,1," 1,336,361.58 ",Picture,,,,,,,,,,,,,
M18 CBS125-0C0,M18 Fuel Deep Cut Band Saw,EACH,1," 1,743,760.42 ",Picture,,,,,,,,,,,,,
M18 FBS125-0C0,"M18 FUEL? DEEP CUT BAND SAW GEN 2 BARE, ASIA VERSION",EACH,1," 1,710,912.74 ",Picture,,,,,,,,,,,,,
M18 FDGRB-0X0,"M18 FUEL? Die Grinder, slide switch BARE, ASIA version",EACH,1," 1,294,744.78 ",Picture,,,,,,,,,,,,,
M18 FDGROVB,"M18 FUEL? Die Grinder, Paddle switch BARE",EACH,1," 1,875,378.96 ",Picture,,,,,,,,,,,,,
M18 FHSAG150XPDB-0X0,M18 FUEL High Performance 150mm Braking Grinder with paddle switch,EACH,1," 1,460,595.42 ",Picture,,,,,,,,,,,,,
M18 FHSAG150XPDB2-0X0,M18 FUEL High Performance 150mm Braking Grinder with paddle switch (Gen 2),EACH,1," 1,479,708.32 ",Picture,,,,,,,,,,,,,
M18 FLAG230XPDB-0C,M18 FUEL Large Angle Grinder,EACH,1," 1,892,971.08 ",Picture,,,,,,,,,,,,,
M18 FMCS-0X,M18 FUEL? METAL SAW,EACH,1," 1,403,025.62 ",Picture,,,,,,,,,,,,,
M18 FMCS66-0B0,M18 Fuel 203mm Metal Circular Saw,EACH,1," 2,914,840.42 ",Picture,,,,,,,,,,,,,
M18 FMDP-0C0,M18 FUEL Magnetic Drill,EACH,1," 6,187,005.99 ",Picture,,,,,,,,,,,,,
M18 FNB35-0X,M18 FUEL 10GA Nibbler Bare Tool,EACH,1," 2,466,180.53 ",Picture,,,,,,,,,,,,,
M18 FSAG100XB-0X0,M18 FUEL? 100mm Braking Angle Grinder slide switch ,EACH,1," 827,711.84 ",Picture,,,,,,,,,,,,,
M18 FSAG125XPDB-0X0,M18 FUEL? 125mm Braking Angle Grinder paddle switch ,EACH,15," 919,268.79 ",Picture,,,,,,,,,,,,,
M18 FSAGF125XPDB-0X0,M18 FUEL 125MM Flathead Braking Grinder Paddle Switch,EACH,1," 1,093,134.52 ",Picture,,,,,,,,,,,,,
M18 FSAGV125XPDB-0X0,M18 FUEL? 125mm Braking Variable Speed Angle Grinder paddle switch ,EACH,1," 945,163.69 ",Picture,,,,,,,,,,,,,
M18FAP180,M18 FUEL 18V Lithium-Ion Brushless Cordless 7 in. Variable Speed Polisher,EACH,1," 1,880,598.96 ",Picture,,,,,,,,,,,,,
M12 FBS64-0C,M12 FUEL? COMPACT BANDSAW BARE,EACH,1," 1,140,608.50 ",Picture,,,,,,,,,,,,,
MXF C,MX Fuel Charger,EACH,1," 2,497,007.79 ",Picture,,,,,,,,,,,,,
MXF COS350-0G0,MX FUEL 14'' Cut-off Saw,EACH,1," 9,988,031.15 ",Picture,,,,,,,,,,,,,
MXF COS350G2-0,MX FUEL Gen 2 350mm Cut-Off Saw ASIA Version,EACH,1," 11,521,687.17 ",Picture,,,,,,,,,,,,,
MXF CP203,MX Fuel 1P Battery Pack,EACH,1," 3,537,427.70 ",Picture,,,,,,,,,,,,,
MXF DCD150-0C0,MX FUEL Diamond Core Drill,EACH,1," 9,155,695.22 ",Picture,,,,,,,,,,,,,
MXF DH2528H-0G0,MX FUEL Demolition Breaker,EACH,1," 24,970,077.88 ",Picture,,,,,,,,,,,,,
MXF DHT,MX FUEL Breaker Trolley EMEA Version,EACH,1," 2,497,007.79 ",Picture,,,,,,,,,,,,,
MXF DR255TV,MX FUEL Diamond Core Drill Stand EMEA Version,EACH,1," 9,155,695.22 ",Picture,,,,,,,,,,,,,
MXF HD812,MX FUEL FORGE HD812 Battery,EACH,1," 11,097,812.39 ",Picture,,,,,,,,,,,,,
MXF PC50-0,MX FUEL Plate Compactor APJ Version,EACH,1," 26,973,849.56 ",Picture,,,,,,,,,,,,,
MXF PS-0G0,MX FUEL PORTABLE POWER SUPPLY CN '0' VERSION,EACH,1," 10,789,539.82 ",Picture,,,,,,,,,,,,,
MXF TL-0G0,MX FUEL TOWER LIGHT CN '0' VERSION,EACH,1," 26,973,849.56 ",Picture,,,,,,,,,,,,,
MXF TLIC-0,"MXF Compact Tower Light, APJ version",EACH,1," 6,936,132.74 ",Picture,,,,,,,,,,,,,
MXF XC406,MX Fuel 2P Battery Pack,EACH,1," 6,242,519.47 ",Picture,,,,,,,,,,,,,
MXF XC608,MX FUEL FORGE XC608 Battery,EACH,1," 8,092,154.87 ",Picture,,,,,,,,,,,,,
M18 BPFP-CST,M18 SWITCH TANK 15L BACKPACK CHEMICAL TANK,EACH,1," 1,132,901.68 ",Picture,,,,,,,,,,,,,
M18 BPFPH-0,M18 SWITCH TANK 15L BACKPACK POWER BASE,EACH,1," 1,132,901.68 ",Picture,,,,,,,,,,,,,
M18 BPFP-WST,M18 BRUSHED SWITCH TANK BACKPACK - Water Sprayer Tank ,EACH,1," 906,321.35 ",Picture,,,,,,,,,,,,,
M18 CHT-0,M18 FUEL? HEDGE TRIMMER 60 CM,EACH,1," 1,233,090.27 ",Picture,,,,,,,,,,,,,
M18 F2BL-0,M18 FUEL? Dual Battery Blower,EACH,1," 1,510,535.58 ",Picture,,,,,,,,,,,,,
M18 F2BPB-0,M18 FUEL? Dual-Battery Backpack Blower,EACH,1," 2,466,180.53 ",Picture,,,,,,,,,,,,,
M18 F2CHS50-0,M18 FUEL? DUAL BATTERY 508 mm (20?) CHAINSAW,EACH,1," 3,067,312.04 ",Picture,,,,,,,,,,,,,
M18 F2GTR-0,M18? Fuel Dual Battery Grass Trimmer 432mm (17''),EACH,1," 2,096,253.45 ",Picture,,,,,,,,,,,,,
M18 F2LM53-0 ,"M18 FUEL 533MM (21"") Self-Propelled Dual Battery Mower",EACH,1," 6,165,451.33 ",Picture,,,,,,,,,,,,,
M18 FBCU-0,M18? FUEL BRUSH CUTTER & STRING TRIMMER,EACH,1," 2,125,231.07 ",Picture,,,,,,,,,,,,,
M18 FBL-0,M18 FUEL? Gen2 Blower,EACH,1," 817,296.48 ",Picture,,,,,,,,,,,,,
M18 FBLG3-0,M18 FUEL? Blower  Gen 3 ,EACH,1," 878,576.81 ",Picture,,,,,,,,,,,,,
M18 FCHS-0G0,M18 FUEL Chainsaw,EACH,1," 1,820,944.13 ",Picture,,,,,,,,,,,,,
M18 FHET60G2-0,M18 Fuel ? GEN 2 Hedge Trimmer,EACH,1," 1,695,499.12 ",Picture,,,,,,,,,,,,,
M18 FHS20-0B0,M18 Fuel Hatchet Pruning Saw 200mm (8?),EACH,1," 1,418,053.81 ",Picture,,,,,,,,,,,,,
M18 FOPH-0,M18 FUEL Power Head,EACH,1," 1,398,324.36 ",Picture,,,,,,,,,,,,,
M18 FOPH-BBA,M18 FUEL QUIK-LOK? - Bristle Brush Attachment,EACH,1," 1,294,744.78 ",Picture,,,,,,,,,,,,,
M18 FOPH-BCA,M18 FUEL QUIK-LOK? - Brush Cutter Attachment,EACH,1," 678,199.65 ",Picture,,,,,,,,,,,,,
M18 FOPH-CSA,M18 FUEL QUIK-LOK?-Chain Saw Attachment,EACH,1," 978,827.05 ",Picture,,,,,,,,,,,,,
M18 FOPH-EA,M18 FUEL QUIK-LOK?-Edger Attachment,EACH,1," 804,036.51 ",Picture,,,,,,,,,,,,,
M18 FOPH-EXA,M18 FUEL QUIK-LOK?-EXTENSION Attachment,EACH,1," 384,539.20 ",Picture,,,,,,,,,,,,,
M18 FOPH-HTA,M18 FUEL QUIK-LOK?-Hedge Trimmer Attachment,EACH,1," 1,083,701.38 ",Picture,,,,,,,,,,,,,
M18 FOPH-LTA,M18 FUEL QUIK-LOK?-Line Trimmer Attachment,EACH,1," 769,078.40 ",Picture,,,,,,,,,,,,,
M18 FOPH-RBA ,M18 FUEL QUIK-LOK? - Rubber Broom Attachment,EACH,1," 1,356,399.29 ",Picture,,,,,,,,,,,,,
M18 FTHCHS35-0G0,"M18 FUEL  356mm (14"") Top Handle Chainsaw Bare Tool",EACH,1," 1,695,499.12 ",Picture,,,,,,,,,,,,,
M18 FTPS30-0,"M18 FUEL? Telescoping Pole Saw 305 mm (12"") ",EACH,1," 2,774,453.10 ",Picture,,,,,,,,,,,,,
M12 BHCS7L,M12 Handheld Sprayers 7L,EACH,1,,,,,,,,,,,,,,,
M12 FHS-0X,M12 FUEL HATCHET Pruning Saw,EACH,1," 1,153,617.60 ",Picture,,,,,,,,,,,,,
M12 FHT20-0,"M12 FUEL 203MM (8"") Hedge Trimmer",EACH,1," 613,462.41 ",Picture,,,,,,,,,,,,,
HD18 PXP-202C CN,"M18 PEX EXPANDER KIT (W/ 4 H HEAD NEW (6 BAR)\RED MILWAUKEE,HD18 PXP-202C CN",EACH,1," 3,263,404.21 ",Picture,,,,,,,,,,,,,
M18 BLSWP-0,M18 Brushless Stick Water Pump,EACH,1," 1,787,980.88 ",Picture,,,,,,,,,,,,,
M18 BTP-0,M18 Transfer Pump,EACH,1," 1,294,744.78 ",Picture,,,,,,,,,,,,,
M18 FVP5-0,"M18 Fuel? 5CFM Vacuum Pump, ASIA version",EACH,1," 2,712,798.58 ",Picture,,,,,,,,,,,,,
M18 HCC-0C ACSR SET,M18 6T ONEKEY Hydraulic Cable Cutter (w/ ACSR jaw/blade),EACH,1," 6,535,378.41 ",Picture,,,,,,,,,,,,,
M18 HCC125R-0C0,M18 FORCE LOGIC 125mm Underground Cable Cutter with Wireless Remote Bare Tool,EACH,1," 30,210,711.50 ",Picture,,,,,,,,,,,,,
M18 HCCT120-0C0 ,M18 Force Logic 120kN Hydraulic Crimper APJ version ,EACH,1," 15,351,973.81 ",Picture,,,,,,,,,,,,,
M18 HKP-0C,M18 FORCE LOGIC 6T Knockout Punch Bare Tool,EACH,1," 2,836,107.61 ",Picture,,,,,,,,,,,,,
M18 ONEBLPXPL-502C SET1 CN,"M18? FORCE LOGIC? 2"" - 3"" PROPEX? EXPANSION TOOL",EACH,1," 15,709,569.98 ",0,,,,,,,,,,,,,
M18 ONEHCCT60-0C0,M18 60kN Guillotine Crimper,EACH,1," 9,248,176.99 ",Picture,,,,,,,,,,,,,
C12 PXP-I06202C,M12 Pex Expander,EACH,1," 1,539,821.47 ",Picture,,,,,,,,,,,,,
C12 PXP-I10202C,M12 Compact PEX Expansion Tool Kit,EACH,1," 1,539,821.47 ",Picture,,,,,,,,,,,,,
49-16-2693,"EXACT 1/2"" to 2"" Knockout Set",EACH,1," 2,003,771.68 ",Picture,,,,,,,,,,,,,
49-16-2695,"EXACT 2-1/2"" to 4"" Knockout Set",EACH,1," 3,005,657.52 ",Picture,,,,,,,,,,,,,
M18 BHG-0,M18 Heat Gun,EACH,2," 582,635.15 ",Picture,,,,,,,,,,,,,
M18 BI-0,M18 Inflator,EACH,1," 924,817.70 ",Picture,,,,,,,,,,,,,
M18 FROP15-0,M18 FUEL 15mm Random Orbital Polisher Bare Tool,EACH,1," 1,202,263.01 ",Picture,,,,,,,,,,,,,
M18 FROP21-0X0,M18 Fuel? 21mm Random Orbital Polisher,EACH,1," 1,418,053.81 ",Picture,,,,,,,,,,,,,
M18 GG-0,M18 Grease Gun,EACH,1," 1,156,220.03 ",Picture,,,,,,,,,,,,,
M12 BI-0,M12 Inflator,EACH,1," 493,236.11 ",Picture,,,,,,,,,,,,,
M12 BPS-0,M12 Spot Polisher,EACH,1," 547,723.28 ",Picture,,,,,,,,,,,,,
M12 FBFL10-0,"M12 FUEL? 10 x 330mm  Bandfile (3/8"" x 13"")",EACH,1," 847,749.56 ",Picture,,,,,,,,,,,,,
M12 FDGA-0,M12 FUEL Right Angle Die Grinder,EACH,1," 960,182.73 ",Picture,,,,,,,,,,,,,
M12 FDGS-0,"M12 FUEL 1/4"" Straight Die Grinder",EACH,1," 960,182.73 ",Picture,,,,,,,,,,,,,
M12 GG-202B,M12 Grease Gun,EACH,1," 1,189,254.89 ",Picture,,,,,,,,,,,,,
M12 PCG/310C-202B,M12 Compact Caulk Gun with 310ml Cartridge Holder Local Repack,EACH,1," 1,192,758.56 ",Picture,,,,,,,,,,,,,
M12 PCG/600A-202B,M12 Compact Caulk Gun with 600ml Cartridge Holder Local Repack,EACH,1," 1,397,143.27 ",Picture,,,,,,,,,,,,,
M12 PCG-0,M12 Compact Caulk Gun console,EACH,1," 714,993.21 ",Picture,,,,,,,,,,,,,
352RL,"	BIG LOGO MIDWEIGHT HOODIE - RED L \ METCO \ 352RL",EACH,1," 215,790.80 ",Picture,,,,,,,,,,,,,
352RM,"	BIG LOGO MIDWEIGHT HOODIE - RED M \ METCO \ 352RM",EACH,1," 215,790.80 ",Picture,,,,,,,,,,,,,
352RS,"	BIG LOGO MIDWEIGHT HOODIE - RED S \ METCO \ 352RS",EACH,1," 215,790.80 ",Picture,,,,,,,,,,,,,
504BLXL,FF FITTED HAT - BLACK L/XL \ METCO \ 504BLXL,EACH,1," 98,647.22 ",Picture,,,,,,,,,,,,,
504BSM,FF FITTED HAT - BLACK S/M \ METCO \ 504BSM,EACH,1," 98,647.22 ",Picture,,,,,,,,,,,,,
505G,GRIDIRON TRUCKER HAT - GRAY \ METCO \ 505G,EACH,1," 104,812.67 ",Picture,,,,,,,,,,,,,
603BL,HYBRID WORK TEE - SS BLACK L \ METCO \ 603BL,EACH,1," 115,910.48 ",Picture,,,,,,,,,,,,,
603BM,HYBRID WORK TEE - SS BLACK M \ METCO \ 603BM,EACH,1," 115,910.48 ",Picture,,,,,,,,,,,,,
603BS,HYBRID WORK TEE - SS BLACK S \ METCO \ 603BS,EACH,1," 115,910.48 ",Picture,,,,,,,,,,,,,
603BXL,HYBRID WORK TEE - SS BLACK XL \ METCO \ 603BXL,EACH,1," 115,910.48 ",Picture,,,,,,,,,,,,,
603GL,"	HYBRID WORK TEE - SS GRAY L \ METCO \ 603GL",EACH,1," 115,910.48 ",Picture,,,,,,,,,,,,,
603GM,"	HYBRID WORK TEE - SS GRAY M\ METCO \ 603GM",EACH,1," 115,910.48 ",Picture,,,,,,,,,,,,,
603GS,"	HYBRID WORK TEE - SS GRAY S \ METCO \ 603GS",EACH,1," 115,910.48 ",Picture,,,,,,,,,,,,,
605BL,HEAVY DUTY POCKET T - SS BLACK L \ METCO \ 605BL,EACH,1," 97,414.13 ",Picture,,,,,,,,,,,,,
605BM,HEAVY DUTY POCKET T - SS BLACK M \ METCO \ 605BM,EACH,1," 97,414.13 ",Picture,,,,,,,,,,,,,
605BS,HEAVY DUTY POCKET T - SS BLACK S \ METCO \ 605BS,EACH,1," 97,414.13 ",Picture,,,,,,,,,,,,,
x,x,x,x, x ,x,,,,,,,,,,,,,
,,,,,,,,,,,,,,,,,,
